INSERT INTO CAR_INFO (
    CAR_FULL_NAME, CAR_MODEL, CAR_BRAND, CAR_BODY_TYPE, CAR_FUEL_TYPE,
    CAR_PRICE, CAR_HORSEPOWER, CAR_FUEL_EFFICIENCY, CAR_MODEL_YEAR, CAR_SIZE, CAR_ENGINE_TYPE, CAR_IMG_URL
) VALUES
('현대 아반떼', 4, 1, 2, 2, 2200, 140, 15, 2021, 4650, '가솔린 1.6', 'https://img.url/car1.jpg'),
('기아 K3', 5, 2, 2, 2, 2100, 135, 14, 2020, 4600, '가솔린 1.6', 'https://img.url/car2.jpg'),
('기아 모닝', 1, 2, 1, 2, 1200, 75, 17, 2019, 3600, '가솔린 1.0', 'https://img.url/car3.jpg'),
('쉐보레 스파크', 3, 14, 1, 2, 1100, 70, 18, 2018, 3500, '가솔린 1.0', 'https://img.url/car4.jpg'),
('현대 쏘나타 하이브리드', 8, 1, 2, 3, 3200, 140, 20, 2022, 4900, '하이브리드 2.0', 'https://img.url/car5.jpg'),
('제네시스 G80', 11, 3, 2, 2, 5000, 250, 11, 2021, 5000, '가솔린 3.5', 'https://img.url/car6.jpg'),
('르노코리아 XM3', 4, 4, 3, 2, 2400, 120, 16, 2020, 4500, '가솔린 1.6', 'https://img.url/car7.jpg'),
('BMW 520d', 4, 8, 2, 1, 6000, 190, 13, 2021, 4900, '디젤 2.0', 'https://img.url/car8.jpg'),
('벤츠 E-Class', 4, 7, 2, 2, 6500, 200, 12, 2021, 4900, '가솔린 2.0', 'https://img.url/car9.jpg'),
('현대 아이오닉 5', 10, 1, 3, 4, 4800, 225, 0, 2022, 4635, '전기차', 'https://img.url/car10.jpg'),

('기아 K5', 6, 2, 2, 2, 2900, 160, 13, 2021, 4820, '가솔린 2.0', 'https://img.url/car11.jpg'),
('기아 K8', 7, 2, 2, 3, 4100, 180, 19, 2022, 4955, '하이브리드 2.5', 'https://img.url/car12.jpg'),
('르노코리아 QM6', 4, 4, 3, 1, 3100, 150, 15, 2020, 4675, '디젤 2.0', 'https://img.url/car13.jpg'),
('제네시스 G70', 11, 3, 2, 2, 4300, 240, 12, 2021, 4680, '가솔린 2.0', 'https://img.url/car14.jpg'),
('BMW X3', 4, 8, 3, 3, 6300, 190, 10, 2022, 4700, '하이브리드 2.0', 'https://img.url/car15.jpg'),
('벤츠 C-Class', 4, 7, 2, 2, 5700, 180, 11, 2021, 4680, '가솔린 2.0', 'https://img.url/car16.jpg'),
('폭스바겐 티구안', 4, 6, 3, 1, 3800, 150, 14, 2020, 4500, '디젤 2.0', 'https://img.url/car17.jpg'),
('KGM 토레스', 4, 5, 3, 2, 2700, 130, 13, 2022, 4700, '가솔린 1.5', 'https://img.url/car18.jpg'),
('미니 쿠퍼', 4, 13, 2, 2, 3900, 150, 15, 2021, 4000, '가솔린 1.5', 'https://img.url/car19.jpg'),
('토요타 캠리', 4, 10, 2, 3, 4100, 160, 18, 2021, 4850, '하이브리드 2.5', 'https://img.url/car20.jpg'),

('혼다 시빅', 4, 11, 2, 2, 3500, 140, 16, 2020, 4670, '가솔린 1.5', 'https://img.url/car21.jpg'),
('푸조 3008', 4, 17, 3, 3, 4300, 150, 17, 2021, 4500, '하이브리드 1.6', 'https://img.url/car22.jpg'),
('볼보 XC40', 4, 12, 3, 4, 6200, 200, 0, 2022, 4440, '전기차', 'https://img.url/car23.jpg'),
('제네시스 G90', 11, 3, 2, 2, 8000, 300, 9, 2022, 5200, '가솔린 5.0', 'https://img.url/car24.jpg'),
('현대 그랜저', 9, 1, 2, 2, 3900, 180, 14, 2021, 4990, '가솔린 2.5', 'https://img.url/car25.jpg'),
('폭스바겐 파사트', 4, 6, 2, 2, 3700, 160, 15, 2020, 4860, '가솔린 2.0', 'https://img.url/car26.jpg'),
('벤츠 EQE', 4, 7, 2, 4, 7800, 250, 0, 2022, 4940, '전기차', 'https://img.url/car27.jpg'),
('BMW i4', 4, 8, 2, 4, 7300, 250, 0, 2022, 4780, '전기차', 'https://img.url/car28.jpg'),
('아우디 A6', 4, 9, 2, 2, 6700, 240, 12, 2021, 4930, '가솔린 2.0', 'https://img.url/car29.jpg'),
('르노코리아 조에', 4, 4, 2, 4, 3200, 135, 0, 2020, 4080, '전기차', 'https://img.url/car30.jpg'),

('현대 아이오닉 6', 10, 1, 2, 4, 5200, 230, 0, 2023, 4855, '전기차', 'https://img.url/car31.jpg'),
('기아 EV6', 10, 2, 2, 4, 5400, 240, 0, 2023, 4680, '전기차', 'https://img.url/car32.jpg'),
('현대 투싼', 4, 1, 3, 2, 2700, 160, 13, 2021, 4630, '가솔린 1.6', 'https://img.url/car33.jpg'),
('기아 스포티지', 4, 2, 3, 2, 2900, 170, 14, 2022, 4660, '가솔린 1.6', 'https://img.url/car34.jpg'),
('BMW X5', 4, 8, 3, 3, 9000, 300, 11, 2022, 4920, '하이브리드 3.0', 'https://img.url/car35.jpg'),
('벤츠 GLB', 4, 7, 3, 2, 6500, 220, 12, 2022, 4630, '가솔린 2.0', 'https://img.url/car36.jpg'),
('현대 팰리세이드', 4, 1, 3, 1, 4200, 200, 10, 2021, 4980, '디젤 2.2', 'https://img.url/car37.jpg'),
('기아 쏘렌토', 4, 2, 3, 3, 4300, 180, 16, 2022, 4810, '하이브리드 1.6', 'https://img.url/car38.jpg'),
('제네시스 GV80', 11, 3, 3, 2, 8500, 278, 10, 2022, 4945, '가솔린 3.5', 'https://img.url/car39.jpg'),
('르노코리아 캡처', 4, 4, 3, 2, 2600, 120, 15, 2021, 4220, '가솔린 1.3', 'https://img.url/car40.jpg'),

('폭스바겐 골프', 4, 6, 2, 2, 3500, 150, 16, 2020, 4280, '가솔린 1.4', 'https://img.url/car41.jpg'),
('미니 컨트리맨', 4, 13, 3, 2, 4300, 150, 14, 2021, 4299, '가솔린 1.5', 'https://img.url/car42.jpg'),
('토요타 프리우스', 4, 10, 2, 3, 3700, 122, 22, 2022, 4540, '하이브리드 1.8', 'https://img.url/car43.jpg'),
('혼다 어코드', 4, 11, 2, 3, 4200, 143, 19, 2021, 4900, '하이브리드 2.0', 'https://img.url/car44.jpg'),
('볼보 S60', 4, 12, 2, 2, 5200, 250, 12, 2021, 4760, '가솔린 2.0', 'https://img.url/car45.jpg'),
('지프 랭글러', 4, 15, 3, 2, 5500, 272, 8, 2022, 4882, '가솔린 2.0', 'https://img.url/car46.jpg'),
('푸조 208', 4, 17, 2, 4, 3200, 136, 0, 2021, 4055, '전기차', 'https://img.url/car47.jpg'),
('KGM 렉스턴', 4, 5, 3, 1, 3800, 187, 11, 2021, 4850, '디젤 2.2', 'https://img.url/car48.jpg'),
('르노코리아 SM6', 4, 4, 2, 2, 2800, 150, 13, 2020, 4850, '가솔린 1.8', 'https://img.url/car49.jpg'),
('현대 베뉴', 4, 1, 3, 2, 2100, 123, 14, 2021, 4040, '가솔린 1.6', 'https://img.url/car50.jpg');

INSERT INTO USER_INFO (USER_AGE, USER_GENDER, CAR_ID) VALUES
(25, '남', 1),
(30, '여', 2),
(22, '남', 3),
(28, '여', 4),
(35, '남', 5),
(40, '여', 6),
(27, '남', 7),
(33, '여', 8),
(45, '남', 9),
(29, '여', 10),
(24, '여', 11),
(31, '남', 12),
(26, '여', 13),
(37, '남', 14),
(32, '여', 15),
(41, '남', 16),
(39, '여', 17),
(23, '남', 18),
(36, '여', 19),
(38, '남', 20),
(42, '여', 21),
(34, '남', 22),
(21, '여', 23),
(46, '남', 24),
(50, '여', 25),
(43, '남', 26),
(29, '여', 27),
(33, '남', 28),
(30, '여', 29),
(35, '남', 30),
(27, '여', 31),
(22, '남', 32),
(28, '여', 33),
(25, '남', 34),
(31, '여', 35),
(26, '남', 36),
(37, '여', 37),
(32, '남', 38),
(41, '여', 39),
(39, '남', 40),
(23, '여', 41),
(36, '남', 42),
(38, '여', 43),
(42, '남', 44),
(34, '여', 45),
(21, '남', 46),
(46, '여', 47),
(50, '남', 48),
(43, '여', 49),
(29, '남', 50);

-- car_review_info 테이블 더미 데이터 20개
INSERT INTO car_review_info (car_id, avg_score, survey_people_count, graph_info)
VALUES
(1, 4.5, 120, '{"speed": 4, "comfort": 5, "design": 4}'),
(2, 3.8, 85, '{"speed": 3, "comfort": 4, "design": 4}'),
(3, 4.2, 95, '{"speed": 5, "comfort": 4, "design": 4}'),
(4, 3.5, 110, '{"speed": 3, "comfort": 3, "design": 4}'),
(5, 4.7, 150, '{"speed": 5, "comfort": 5, "design": 5}'),
(6, 3.9, 80, '{"speed": 4, "comfort": 4, "design": 3}'),
(7, 4.1, 90, '{"speed": 5, "comfort": 4, "design": 3}'),
(8, 4.3, 70, '{"speed": 4, "comfort": 5, "design": 5}'),
(9, 3.6, 60, '{"speed": 3, "comfort": 3, "design": 4}'),
(10, 4.0, 100, '{"speed": 4, "comfort": 4, "design": 4}'),
(11, 3.7, 65, '{"speed": 3, "comfort": 3, "design": 3}'),
(12, 4.8, 200, '{"speed": 5, "comfort": 5, "design": 5}'),
(13, 3.9, 90, '{"speed": 4, "comfort": 4, "design": 4}'),
(14, 4.4, 130, '{"speed": 5, "comfort": 5, "design": 4}'),
(15, 3.5, 75, '{"speed": 3, "comfort": 4, "design": 3}'),
(16, 4.6, 140, '{"speed": 5, "comfort": 5, "design": 5}'),
(17, 3.8, 80, '{"speed": 4, "comfort": 3, "design": 4}'),
(18, 4.1, 110, '{"speed": 5, "comfort": 4, "design": 5}'),
(19, 3.6, 70, '{"speed": 3, "comfort": 3, "design": 4}'),
(20, 4.2, 120, '{"speed": 5, "comfort": 4, "design": 5}');

-- comment_info 테이블 더미 데이터 20개
INSERT INTO comment_info (review_id, nickname, comment_avg_score, comment_text)
VALUES
(1, 'user123', 4.5, '차가 매우 부드럽고 승차감이 좋아요.'),
(1, 'driver01', 4.0, '디자인도 마음에 들어요.'),
(2, 'speedy77', 3.5, '가속력은 좋은데 소음이 좀 있어요.'),
(2, 'happy_car', 4.2, '연비도 괜찮고 만족합니다.'),
(3, 'auto_fan', 4.1, '속도감이 좋습니다.'),
(4, 'eco_driver', 3.8, '친환경적인 느낌이 강합니다.'),
(5, 'luxury_lover', 4.7, '고급스러운 내부 디자인이 인상적이에요.'),
(6, 'city_rider', 4.0, '도심 주행에 편리합니다.'),
(7, 'mountain_guy', 3.9, '언덕에서도 문제없이 잘 올라가네요.'),
(8, 'roadtrip21', 4.3, '장거리 운전에 최적입니다.'),
(9, 'fastlane', 3.7, '가속력은 좋은데 연비가 아쉬워요.'),
(10, 'mom_driver', 4.0, '아이들과 타기에 좋아요.'),
(11, 'student99', 3.8, '가격 대비 성능 좋아요.'),
(12, 'businessman', 4.8, '출장용으로 최고입니다.'),
(13, 'casual_rider', 3.9, '일상용으로 무난합니다.'),
(14, 'design_fan', 4.5, '외관 디자인이 정말 예쁩니다.'),
(15, 'mechanic88', 3.6, '엔진 성능이 좀 아쉽네요.'),
(16, 'comfort_seeker', 4.6, '편안함이 압도적입니다.'),
(17, 'speed_racer', 3.9, '속도만큼은 최고입니다.'),
(18, 'family_guy', 4.1, '가족용으로 추천해요.'),
(19, 'quiet_driver', 3.5, '조용한 차를 원했는데 조금 시끄러워요.'),
(20, 'sunny_day', 4.2, '햇살 좋은 날 드라이브에 딱입니다.');
