-- MySQL dump 10.13  Distrib 8.0.42, for Win64 (x86_64)
--
-- Host: 127.0.0.1    Database: teamdb
-- ------------------------------------------------------
-- Server version	8.0.42

/*!40101 SET @OLD_CHARACTER_SET_CLIENT=@@CHARACTER_SET_CLIENT */;
/*!40101 SET @OLD_CHARACTER_SET_RESULTS=@@CHARACTER_SET_RESULTS */;
/*!40101 SET @OLD_COLLATION_CONNECTION=@@COLLATION_CONNECTION */;
/*!50503 SET NAMES utf8mb4 */;
/*!40103 SET @OLD_TIME_ZONE=@@TIME_ZONE */;
/*!40103 SET TIME_ZONE='+00:00' */;
/*!40014 SET @OLD_UNIQUE_CHECKS=@@UNIQUE_CHECKS, UNIQUE_CHECKS=0 */;
/*!40014 SET @OLD_FOREIGN_KEY_CHECKS=@@FOREIGN_KEY_CHECKS, FOREIGN_KEY_CHECKS=0 */;
/*!40101 SET @OLD_SQL_MODE=@@SQL_MODE, SQL_MODE='NO_AUTO_VALUE_ON_ZERO' */;
/*!40111 SET @OLD_SQL_NOTES=@@SQL_NOTES, SQL_NOTES=0 */;

--
-- Table structure for table `car_recommendation_info`
--

DROP TABLE IF EXISTS `car_recommendation_info`;
/*!40101 SET @saved_cs_client     = @@character_set_client */;
/*!50503 SET character_set_client = utf8mb4 */;
CREATE TABLE `car_recommendation_info` (
  `reco_id` int NOT NULL AUTO_INCREMENT,
  `user_id` int NOT NULL,
  `car_id` int NOT NULL,
  PRIMARY KEY (`reco_id`),
  KEY `user_id` (`user_id`),
  KEY `car_id` (`car_id`),
  CONSTRAINT `car_recommendation_info_ibfk_1` FOREIGN KEY (`user_id`) REFERENCES `user_info` (`USER_ID`),
  CONSTRAINT `car_recommendation_info_ibfk_2` FOREIGN KEY (`car_id`) REFERENCES `car_info` (`car_id`)
) ENGINE=InnoDB AUTO_INCREMENT=301 DEFAULT CHARSET=utf8mb4 COLLATE=utf8mb4_0900_ai_ci;
/*!40101 SET character_set_client = @saved_cs_client */;

--
-- Dumping data for table `car_recommendation_info`
--

LOCK TABLES `car_recommendation_info` WRITE;
/*!40000 ALTER TABLE `car_recommendation_info` DISABLE KEYS */;
INSERT INTO `car_recommendation_info` VALUES (1,1,1),(2,1,2),(3,1,3),(4,2,4),(5,2,5),(6,2,6),(7,3,7),(8,3,8),(9,3,9),(10,4,10),(11,4,11),(12,4,12),(13,5,13),(14,5,14),(15,5,15),(16,6,16),(17,6,17),(18,6,18),(19,7,19),(20,7,20),(21,7,21),(22,8,22),(23,8,23),(24,8,24),(25,9,25),(26,9,26),(27,9,27),(28,10,28),(29,10,29),(30,10,30),(31,11,31),(32,11,32),(33,11,33),(34,12,34),(35,12,35),(36,12,36),(37,13,37),(38,13,38),(39,13,39),(40,14,40),(41,14,41),(42,14,42),(43,15,43),(44,15,44),(45,15,45),(46,16,46),(47,16,47),(48,16,48),(49,17,49),(50,17,50),(51,17,51),(52,18,52),(53,18,53),(54,18,54),(55,19,55),(56,19,56),(57,19,57),(58,20,58),(59,20,59),(60,20,60),(61,21,61),(62,21,62),(63,21,63),(64,22,64),(65,22,65),(66,22,66),(67,23,67),(68,23,68),(69,23,69),(70,24,70),(71,24,71),(72,24,72),(73,25,73),(74,25,74),(75,25,75),(76,26,76),(77,26,77),(78,26,78),(79,27,79),(80,27,80),(81,27,81),(82,28,82),(83,28,83),(84,28,84),(85,29,85),(86,29,86),(87,29,87),(88,30,88),(89,30,89),(90,30,90),(91,31,91),(92,31,92),(93,31,93),(94,32,94),(95,32,95),(96,32,96),(97,33,97),(98,33,98),(99,33,99),(100,34,100),(101,34,101),(102,34,102),(103,35,103),(104,35,104),(105,35,105),(106,36,106),(107,36,107),(108,36,108),(109,37,109),(110,37,110),(111,37,111),(112,38,112),(113,38,113),(114,38,114),(115,39,115),(116,39,116),(117,39,117),(118,40,1),(119,40,2),(120,40,3),(121,41,4),(122,41,5),(123,41,6),(124,42,7),(125,42,8),(126,42,9),(127,43,10),(128,43,11),(129,43,12),(130,44,13),(131,44,14),(132,44,15),(133,45,16),(134,45,17),(135,45,18),(136,46,19),(137,46,20),(138,46,21),(139,47,22),(140,47,23),(141,47,24),(142,48,25),(143,48,26),(144,48,27),(145,49,28),(146,49,29),(147,49,30),(148,50,31),(149,50,32),(150,50,33),(151,51,34),(152,51,35),(153,51,36),(154,52,37),(155,52,38),(156,52,39),(157,53,40),(158,53,41),(159,53,42),(160,54,43),(161,54,44),(162,54,45),(163,55,46),(164,55,47),(165,55,48),(166,56,49),(167,56,50),(168,56,51),(169,57,52),(170,57,53),(171,57,54),(172,58,55),(173,58,56),(174,58,57),(175,59,58),(176,59,59),(177,59,60),(178,60,61),(179,60,62),(180,60,63),(181,61,64),(182,61,65),(183,61,66),(184,62,67),(185,62,68),(186,62,69),(187,63,70),(188,63,71),(189,63,72),(190,64,73),(191,64,74),(192,64,75),(193,65,76),(194,65,77),(195,65,78),(196,66,79),(197,66,80),(198,66,81),(199,67,82),(200,67,83),(201,67,84),(202,68,85),(203,68,86),(204,68,87),(205,69,88),(206,69,89),(207,69,90),(208,70,91),(209,70,92),(210,70,93),(211,71,94),(212,71,95),(213,71,96),(214,72,97),(215,72,98),(216,72,99),(217,73,100),(218,73,101),(219,73,102),(220,74,103),(221,74,104),(222,74,105),(223,75,106),(224,75,107),(225,75,108),(226,76,109),(227,76,110),(228,76,111),(229,77,112),(230,77,113),(231,77,114),(232,78,115),(233,78,116),(234,78,117),(235,79,1),(236,79,2),(237,79,3),(238,80,4),(239,80,5),(240,80,6),(241,81,7),(242,81,8),(243,81,9),(244,82,10),(245,82,11),(246,82,12),(247,83,13),(248,83,14),(249,83,15),(250,84,16),(251,84,17),(252,84,18),(253,85,19),(254,85,20),(255,85,21),(256,86,22),(257,86,23),(258,86,24),(259,87,25),(260,87,26),(261,87,27),(262,88,28),(263,88,29),(264,88,30),(265,89,31),(266,89,32),(267,89,33),(268,90,34),(269,90,35),(270,90,36),(271,91,37),(272,91,38),(273,91,39),(274,92,40),(275,92,41),(276,92,42),(277,93,43),(278,93,44),(279,93,45),(280,94,46),(281,94,47),(282,94,48),(283,95,49),(284,95,50),(285,95,51),(286,96,52),(287,96,53),(288,96,54),(289,97,55),(290,97,56),(291,97,57),(292,98,58),(293,98,59),(294,98,60),(295,99,61),(296,99,62),(297,99,63),(298,100,64),(299,100,65),(300,100,66);
/*!40000 ALTER TABLE `car_recommendation_info` ENABLE KEYS */;
UNLOCK TABLES;

--
-- Table structure for table `car_review_info`
--

DROP TABLE IF EXISTS `car_review_info`;
/*!40101 SET @saved_cs_client     = @@character_set_client */;
/*!50503 SET character_set_client = utf8mb4 */;
CREATE TABLE `car_review_info` (
  `review_id` int NOT NULL AUTO_INCREMENT,
  `car_id` int DEFAULT NULL,
  `car_name` varchar(100) NOT NULL,
  `avg_score` float NOT NULL,
  `survey_people_count` int DEFAULT NULL,
  `graph_info` varchar(100) DEFAULT NULL,
  PRIMARY KEY (`review_id`),
  KEY `car_id` (`car_id`),
  CONSTRAINT `car_review_info_ibfk_1` FOREIGN KEY (`car_id`) REFERENCES `car_info` (`car_id`)
) ENGINE=InnoDB AUTO_INCREMENT=94 DEFAULT CHARSET=utf8mb4 COLLATE=utf8mb4_0900_ai_ci;
/*!40101 SET character_set_client = @saved_cs_client */;

--
-- Dumping data for table `car_review_info`
--

LOCK TABLES `car_review_info` WRITE;
/*!40000 ALTER TABLE `car_review_info` DISABLE KEYS */;
INSERT INTO `car_review_info` VALUES (1,NULL,'현대 코나 하이브리드',8.9,95,'주행\n9.4,가격\n6.8,거주성\n9.1,품질\n9.1,디자인\n9.6,연비\n9.4'),(2,NULL,'현대 아반떼 하이브리드',9.4,39,'주행\n9.4,가격\n8.7,거주성\n9.6,품질\n9.2,디자인\n9.9,연비\n9.6'),(3,NULL,'현대 아반떼 N',9.1,47,'주행\n9.9,가격\n9.5,거주성\n9.4,품질\n8.4,디자인\n9.9,연비\n7.5'),(4,NULL,'현대 아반떼',9,185,'주행\n9.1,가격\n7.9,거주성\n9.1,품질\n8.8,디자인\n9.6,연비\n9.3'),(5,NULL,'르노코리아 아르카나 하이브리드 E-Tech',9.1,20,'주행\n9,가격\n9.4,거주성\n8.8,품질\n8.4,디자인\n9.6,연비\n9.4'),(6,NULL,'르노코리아 아르카나',9.2,8,'주행\n9.8,가격\n9.4,거주성\n8.5,품질\n8.8,디자인\n9.8,연비\n9.1'),(7,NULL,'혼다 어코드',9.4,29,'주행\n9.9,가격\n7.6,거주성\n9.7,품질\n9.6,디자인\n9.6,연비\n9.9'),(8,NULL,'푸조 308',8.9,14,'주행\n9.4,가격\n7.6,거주성\n8.3,품질\n8.6,디자인\n9.9,연비\n9.5'),(9,NULL,'토요타 GR 86',8.5,35,'주행\n9.7,가격\n8.2,거주성\n7,품질\n8.5,디자인\n9.2,연비\n8.1'),(10,NULL,'KGM 토레스 EVX',9.3,154,'주행\n9.5,가격\n9.5,거주성\n9.5,품질\n8.6,디자인\n9.7,주행거리\n9.1'),(11,NULL,'현대 코나 하이브리드',8.9,95,'주행\n9.4,가격\n6.8,거주성\n9.1,품질\n9.1,디자인\n9.6,연비\n9.4'),(12,NULL,'현대 코나',8.9,164,'주행\n9.4,가격\n7.5,거주성\n9.3,품질\n9.3,디자인\n9.6,연비\n8.5'),(13,NULL,'기아 봉고3 EV',7.1,128,'주행\n8.8,가격\n7.5,거주성\n7.2,품질\n7.7,디자인\n7.5,주행거리\n4.8'),(14,NULL,'현대 베뉴',9,758,'주행\n9.1,가격\n9.2,거주성\n8.7,품질\n8.6,디자인\n9.4,연비\n9'),(15,NULL,'폭스바겐 골프',9.1,83,'주행\n9.6,가격\n8.8,거주성\n8.5,품질\n8.9,디자인\n9.5,연비\n9.3'),(16,NULL,'현대 포터2 일렉트릭',7.5,169,'주행\n9,가격\n7.7,거주성\n7.7,품질\n8.1,디자인\n7.6,주행거리\n5.5'),(17,NULL,'미니 해치백 C 5도어',8.3,8,'주행\n9.1,가격\n6.1,거주성\n8.4,품질\n8.9,디자인\n9.6,연비\n7.5'),(18,NULL,'푸조 408',9.4,23,'주행\n9.5,가격\n8.6,거주성\n9.6,품질\n9.5,디자인\n9.9,연비\n9.5'),(19,NULL,'볼보 EX30',9.2,5,'주행\n10,가격\n9.4,거주성\n9.4,품질\n9.4,디자인\n9.8,주행거리\n7.4'),(20,NULL,'기아 EV3',9.4,105,'주행\n9.8,가격\n8.3,거주성\n9.3,품질\n9.4,디자인\n9.7,주행거리\n9.7'),(21,NULL,'현대 팰리세이드',8.9,19,'주행\n9.7,가격\n8,거주성\n9.4,품질\n8.7,디자인\n9.7,연비\n7.9'),(22,NULL,'KGM 렉스턴',9.3,23,'주행\n9.6,가격\n9.3,거주성\n9.6,품질\n9.1,디자인\n9.6,연비\n8.7'),(23,NULL,'현대 투싼 하이브리드',8.9,114,'주행\n9.6,가격\n7.3,거주성\n9.3,품질\n9.3,디자인\n9.4,연비\n8.8'),(24,NULL,'현대 투싼',9.2,36,'주행\n9.5,가격\n8.6,거주성\n9.4,품질\n9.4,디자인\n9.5,연비\n8.8'),(25,NULL,'토요타 캠리 하이브리드',9.4,14,'주행\n9.6,가격\n8.2,거주성\n9.7,품질\n9.8,디자인\n9.7,연비\n9.6'),(26,NULL,'기아 스포티지 하이브리드',9.1,11,'주행\n10,가격\n6.4,거주성\n9.5,품질\n9.1,디자인\n10,연비\n9.7'),(27,NULL,'기아 스포티지',9.1,11,'주행\n10,가격\n6.4,거주성\n9.5,품질\n9.1,디자인\n10,연비\n9.7'),(28,NULL,'기아 K5 하이브리드',9.2,42,'주행\n9.7,가격\n7.1,거주성\n9.8,품질\n9.6,디자인\n9.8,연비\n9.5'),(29,NULL,'기아 K5',9,70,'주행\n9.4,가격\n7.8,거주성\n9.4,품질\n9.2,디자인\n9.7,연비\n8.6'),(30,NULL,'BYD T4K',7.7,4,'주행\n7.2,가격\n7.8,거주성\n6.5,품질\n7.2,디자인\n10,주행거리\n7.2'),(31,NULL,'현대 캐스퍼',8.9,7,'주행\n9.3,가격\n7.7,거주성\n8.9,품질\n9.1,디자인\n9.6,연비\n8.7'),(32,NULL,'기아 카니발 하이브리드',9.2,114,'주행\n9.4,가격\n8.1,거주성\n9.6,품질\n9.3,디자인\n9.7,연비\n9.2'),(33,NULL,'기아 카니발',8.6,91,'주행\n9.2,가격\n7.7,거주성\n9.4,품질\n8.7,디자인\n9.5,연비\n7.2'),(34,NULL,'현대 쏘나타 하이브리드',9.2,56,'주행\n9.5,가격\n7.5,거주성\n9.6,품질\n9.6,디자인\n9.6,연비\n9.2'),(35,NULL,'현대 쏘나타',9,187,'주행\n9.6,가격\n8.1,거주성\n9.4,품질\n9.1,디자인\n9.6,연비\n8.6'),(36,NULL,'미니 해치백 S 5도어',8.3,8,'주행\n9.1,가격\n6.1,거주성\n8.4,품질\n8.9,디자인\n9.6,연비\n7.5'),(37,NULL,'기아 레이 EV',9,96,'주행\n9.5,가격\n8.9,거주성\n9.6,품질\n9.2,디자인\n9.5,주행거리\n7.5'),(38,NULL,'기아 레이',8.6,233,'주행\n7.9,가격\n7.9,거주성\n9.3,품질\n8.8,디자인\n9.5,연비\n8'),(39,NULL,'기아 쏘렌토 하이브리드',9,377,'주행\n9.3,가격\n7.5,거주성\n9.4,품질\n9.1,디자인\n9.7,연비\n9'),(40,NULL,'기아 쏘렌토',8.4,158,'주행\n9.4,가격\n7.5,거주성\n9.2,품질\n8.8,디자인\n9.5,연비\n6'),(41,NULL,'미니 해치백 C',8.3,8,'주행\n9.1,가격\n6.1,거주성\n8.4,품질\n8.9,디자인\n9.6,연비\n7.5'),(42,NULL,'제네시스 G70 슈팅브레이크',8.3,371,'주행\n9.6,가격\n7.9,거주성\n7.8,품질\n9.1,디자인\n9.4,연비\n6.2'),(43,NULL,'제네시스 G70',8.3,371,'주행\n9.6,가격\n7.9,거주성\n7.8,품질\n9.1,디자인\n9.4,연비\n6.2'),(44,NULL,'혼다 CR-V',9.4,45,'주행\n9.8,가격\n8.1,거주성\n9.8,품질\n9.7,디자인\n9.6,연비\n9.5'),(45,NULL,'현대 캐스퍼 일렉트릭',9.2,52,'주행\n9.6,가격\n9.3,거주성\n8.6,품질\n8.9,디자인\n9.4,주행거리\n9.6'),(46,NULL,'KGM 액티언',9,47,'주행\n9,가격\n9.2,거주성\n9.7,품질\n8.9,디자인\n9.9,연비\n7.6'),(47,NULL,'현대 싼타페 하이브리드',9.1,474,'주행\n9.4,가격\n8.2,거주성\n9.7,품질\n9.3,디자인\n8.9,연비\n9.2'),(48,NULL,'현대 싼타페',8.6,196,'주행\n9.5,가격\n8.4,거주성\n9.6,품질\n9.1,디자인\n8.6,연비\n6.7'),(49,NULL,'볼보 XC40',8.8,260,'주행\n9.2,가격\n8.8,거주성\n9,품질\n9.3,디자인\n9.8,연비\n7'),(50,NULL,'기아 니로 EV',8.7,93,'주행\n9.5,가격\n8,거주성\n8.9,품질\n8.6,디자인\n8.7,주행거리\n8.6'),(51,NULL,'르노코리아 그랑 콜레오스 하이브리드 E-Tech',9.6,314,'주행\n9.8,가격\n9.6,거주성\n9.6,품질\n9.4,디자인\n9.6,연비\n9.5'),(52,NULL,'르노코리아 그랑 콜레오스',9.3,9,'주행\n9.9,가격\n9.7,거주성\n9.6,품질\n9,디자인\n9.7,연비\n7.9'),(53,NULL,'기아 K8 하이브리드',9.4,59,'주행\n9.8,가격\n7.8,거주성\n9.9,품질\n9.4,디자인\n9.8,연비\n9.6'),(54,NULL,'기아 K8',9,19,'주행\n8.9,가격\n8.7,거주성\n9.6,품질\n8.9,디자인\n9.3,연비\n8.8'),(55,NULL,'기아 셀토스',8.6,402,'주행\n9.1,가격\n8,거주성\n8.9,품질\n8.8,디자인\n9.5,연비\n7.3'),(56,NULL,'미니 해치백 S',8.3,8,'주행\n9.1,가격\n6.1,거주성\n8.4,품질\n8.9,디자인\n9.6,연비\n7.5'),(57,NULL,'메르세데스-벤츠 A클래스 세단',8.8,289,'주행\n9.4,가격\n8.5,거주성\n8.4,품질\n8.8,디자인\n9.4,연비\n8.4'),(58,NULL,'메르세데스-벤츠 A클래스',8.8,289,'주행\n9.4,가격\n8.5,거주성\n8.4,품질\n8.8,디자인\n9.4,연비\n8.4'),(59,NULL,'미니 컨트리맨 S',9.4,4,'주행\n10,가격\n7.5,거주성\n10,품질\n10,디자인\n10,연비\n9'),(60,NULL,'현대 그랜저 하이브리드',8.8,466,'주행\n9.4,가격\n7.1,거주성\n9.5,품질\n8.9,디자인\n9,연비\n9.2'),(61,NULL,'현대 그랜저',8.7,239,'주행\n9.2,가격\n7.6,거주성\n9.3,품질\n8.8,디자인\n9,연비\n8.1'),(62,NULL,'기아 모닝',8.2,24,'주행\n8,가격\n7.1,거주성\n8.2,품질\n7.8,디자인\n9.5,연비\n8.7'),(63,NULL,'KGM 토레스',8.9,36,'주행\n9.1,가격\n9.4,거주성\n9.6,품질\n8.6,디자인\n9.9,연비\n6.8'),(64,NULL,'쉐보레 트레일블레이저',8.9,69,'주행\n9.6,가격\n7.4,거주성\n8.8,품질\n9.2,디자인\n9.8,연비\n8.5'),(65,NULL,'르노코리아 QM6',9.2,11,'주행\n9.4,가격\n9.6,거주성\n9.3,품질\n9.1,디자인\n9.4,연비\n8.3'),(66,NULL,'쉐보레 트랙스 크로스오버',9.2,574,'주행\n9.5,가격\n9.3,거주성\n9.4,품질\n8.9,디자인\n9.8,연비\n8.3'),(67,NULL,'현대 코나 일렉트릭',9.2,27,'주행\n9.8,가격\n7.9,거주성\n9.4,품질\n9.5,디자인\n9.7,주행거리\n9.1'),(68,NULL,'현대 아이오닉 5',9.3,80,'주행\n9.9,가격\n7.9,거주성\n9.8,품질\n9.4,디자인\n9.4,주행거리\n9.6'),(69,NULL,'현대 스타리아 하이브리드',9.2,11,'주행\n8.9,가격\n8.2,거주성\n9.9,품질\n8.9,디자인\n9.5,연비\n9.7'),(70,NULL,'현대 스타리아',8.2,305,'주행\n8.9,가격\n7.6,거주성\n8.6,품질\n8.2,디자인\n8.8,연비\n6.9'),(71,NULL,'제이스모빌리티 이티밴 프로',7.5,12,'주행\n7.2,가격\n8.5,거주성\n8.2,품질\n6.2,디자인\n7.5,주행거리\n7.5'),(72,NULL,'제이스모빌리티 이티밴 미니',7.5,12,'주행\n7.2,가격\n8.5,거주성\n8.2,품질\n6.2,디자인\n7.5,주행거리\n7.5'),(73,NULL,'제이스모빌리티 이티밴 라이프',7.5,12,'주행\n7.2,가격\n8.5,거주성\n8.2,품질\n6.2,디자인\n7.5,주행거리\n7.5'),(74,NULL,'르노 마스터',8,20,'주행\n8.4,가격\n8.8,거주성\n6.8,품질\n7,디자인\n8.7,연비\n8.2'),(75,NULL,'토요타 프리우스 플러그인 하이브리드',9.2,20,'주행\n9.8,가격\n7.4,거주성\n8.6,품질\n9.7,디자인\n9.8,연비\n9.8'),(76,NULL,'토요타 프리우스',9.2,20,'주행\n9.8,가격\n7.4,거주성\n8.6,품질\n9.7,디자인\n9.8,연비\n9.8'),(77,NULL,'모빌리티네트웍스 쎄아 베이스캠프',7.1,4,'주행\n7,가격\n9.5,거주성\n5.5,품질\n5,디자인\n8.8,주행거리\n7'),(78,NULL,'푸조 5008',9.3,246,'주행\n9.3,가격\n8.9,거주성\n9.1,품질\n8.9,디자인\n9.7,연비\n9.7'),(79,NULL,'푸조 3008',9.3,287,'주행\n9.4,가격\n8.9,거주성\n8.9,품질\n9,디자인\n9.8,연비\n9.6'),(80,NULL,'KGM 코란도',8.6,778,'주행\n8.9,가격\n9.2,거주성\n8.8,품질\n8.6,디자인\n8.8,연비\n7.4'),(81,NULL,'BMW 2시리즈 그란쿠페',9,140,'주행\n9.7,가격\n8.8,거주성\n8,품질\n9.3,디자인\n9.5,연비\n8.8'),(82,NULL,'BMW 1시리즈',8.9,158,'주행\n9.6,가격\n8.6,거주성\n8.3,품질\n9.2,디자인\n9.4,연비\n8.7'),(83,NULL,'지프 레니게이드',8.1,384,'주행\n8.3,가격\n8.1,거주성\n7.9,품질\n7.8,디자인\n9.8,연비\n6.5'),(84,NULL,'캠시스 CEVO-C SE',6.6,11,'주행\n6.5,가격\n8.2,거주성\n6,품질\n4.3,디자인\n7.9,주행거리\n6.6'),(85,NULL,'현대 아이오닉 6',8.8,360,'주행\n9.7,가격\n7.6,거주성\n9,품질\n8.9,디자인\n8.6,주행거리\n9.3'),(86,NULL,'마이브 M1',7.7,13,'주행\n8,가격\n7.8,거주성\n7.8,품질\n6.3,디자인\n9.5,주행거리\n7.5'),(87,NULL,'KGM 티볼리',7.9,19,'주행\n8.2,가격\n8.2,거주성\n8.3,품질\n7.6,디자인\n8.4,연비\n6.6'),(88,NULL,'미니 클럽맨',8.6,440,'주행\n9.4,가격\n8,거주성\n7.9,품질\n8.6,디자인\n9.7,연비\n8.1'),(89,NULL,'미니 컨버터블',8.4,111,'주행\n9.5,가격\n7.8,거주성\n6.9,품질\n8.3,디자인\n9.8,연비\n8.1'),(90,NULL,'르노코리아 SM6',8.9,271,'주행\n9.2,가격\n8.4,거주성\n8.8,품질\n8.8,디자인\n9.6,연비\n8.4'),(91,NULL,'기아 니로 플러스',8.5,19,'주행\n9.1,가격\n9.2,거주성\n8.2,품질\n8.2,디자인\n7.1,주행거리\n9.4'),(92,NULL,'푸조 E-2008',9.1,78,'주행\n9.7,가격\n8.9,거주성\n9,품질\n9.2,디자인\n9.9,주행거리\n7.4'),(93,NULL,'동풍소콘 펜곤 ix5',7.8,9,'주행\n7.9,가격\n8.8,거주성\n8.2,품질\n7.7,디자인\n8.7,연비\n5.8');
/*!40000 ALTER TABLE `car_review_info` ENABLE KEYS */;
UNLOCK TABLES;

--
-- Table structure for table `comment_info`
--

DROP TABLE IF EXISTS `comment_info`;
/*!40101 SET @saved_cs_client     = @@character_set_client */;
/*!50503 SET character_set_client = utf8mb4 */;
CREATE TABLE `comment_info` (
  `comment_id` int NOT NULL AUTO_INCREMENT,
  `review_id` int NOT NULL,
  `nickname` varchar(20) NOT NULL,
  `comment_avg_score` float DEFAULT NULL,
  `comment_text` varchar(300) DEFAULT NULL,
  `created_at` varchar(20) DEFAULT NULL,
  PRIMARY KEY (`comment_id`)
) ENGINE=InnoDB AUTO_INCREMENT=508 DEFAULT CHARSET=utf8mb4 COLLATE=utf8mb4_0900_ai_ci;
/*!40101 SET character_set_client = @saved_cs_client */;

--
-- Dumping data for table `comment_info`
--

LOCK TABLES `comment_info` WRITE;
/*!40000 ALTER TABLE `comment_info` DISABLE KEYS */;
INSERT INTO `comment_info` VALUES (1,1,'yoon****',8.5,'연비 외관 좋고 거주성은 급을생각하면 평타는 치는거같은데 가격이 너무비쌈','2025-04-27 13:57:37'),(2,1,'lsk5****',9.33,'외관은 너무 맘에들어요작아서 세차하기도 편하고 덕지덕지 붙는 인테리어?도 많지않아 세차시도 편한듯해요 작은듯 편안한 내부공간에 만족합니다 뒷자석도 여유있지만 키가 180이상은 장거리 이동시 편하진 않을것같아요 트렁크 공간도 좁진않지만 예로 골프백 2개는 안되네요 뒷좌석을 접어야 충분하긴하지만.. 연비도 만족하고 실내소음.풍절음등 다 만족합니다 가격이 조금 비싼편이란 생각은 해봅니다','2025-04-24 13:57:37'),(3,1,'kimr****',8.33,'모터 출력이 딸려 정차후 출발시 다른 하브보다엔진게입이 더 빠름, 코너링이 불안하여 시속 45를 넘기면 이차가 코너링 세팅이 좋지 않다는걸 몸소느낌 탄성 주행을 할줄 안다면, 언덕이 없을시 기온이 10~15도 내외일시 배터리 잔량 65% 이상일시 시속 70km정도로 앵간하면 연비 30은 그냥 찍을수 있음. 디자인 정말 이쁘나 100만원주고 옵질을 하는게 에반데 안하면 아쉬울수 있음. 허나 차는 타는게 중요하지 처다보는건 3초라는거.. 승용차보다 딱 뒷자석 3cm넓은 느낌인데 3cm가 큰 체감은 안들지만 무시는 할수없다는거..','2025-04-28 13:57:37'),(4,1,'jeon****',9.5,'도심.고속도로 정속운전하면 합계연비는 23Km정도고 하이브리드연비는20Km정도 계기판에 뜨는데 다 믿을순 없고, 합계 19Km가 체감연비인듯 합니다.','2025-04-28 13:57:37'),(5,1,'usqu****',9.17,'하이브리드로 타고있는데 90-100km/h대로 달릴 때 약간 주행이 불안정한 것 같은 느낌(오히려 더 빠르게달리면 안정감있음) 과 전기에서 엔진으로 변환될 때 갑자기 들리는 소음만 빼면 전반적으로 아주 훌륭한 차예요. 살 땐 약간 작을까 싶었는데 혼자타기엔 크기도 딱 적당하고 앞자리 조수석도 타는사람마다 넓고 편하다고 좋아합니다. 디자인은 말이 많은데..ㅎㅎ개인적으론 전기차같은 디자인이 깔끔하고 귀여워요.','2025-04-28 13:57:37'),(6,1,'guns****',10,'연비 환상입니다. 출퇴근시 평균 18-20 km 나옵니다. 편안하고 조용하고 안전관련 기능이 뛰어나서 매우 만족합니다.','2025-04-28 13:57:38'),(7,2,'kore****',10,'너무 만족 합니다~ 유지비도 너무 적게들고 디자인도 좋고 실내도 넓어요~~','2025-04-28 13:57:47'),(8,2,'andd****',9.33,'하이브이드라 가격은 있지만. 혼자 시내 주행용으로는 가성비 정말 뛰어낸 연비가 28평균 일정도 특히 오디오 시스템정말 좋아요 보스 스피커의 뛰어난 사운드 특히 저음의 사운드감이 최고입니다. 차에서 내리기 싫을정도 딱 혼자 운 전하기 좋아요 페멀리카 개념은 아니에요 딱 도시 출최근 최적화. 디자인도 개인적으로 국내 자동차 중 3위 안에 든다고 생각함 개인적으로 버튼타입 변속 아니고 스틱형이라서 더좋 음 운전하는 맛이 더 난다고나 할까','2025-04-28 13:57:47'),(9,2,'k869****',8.83,'운행중 실내 소음은 어쩔수 없네요장거리운행이 많은데 불편함은 없는편이에요','2025-04-28 13:57:47'),(10,2,'sk47****',10,'아주 만족스럽습니다! 초보나 여성이 몰기에 적합합니다.초보라면 인스퍼레이션 등급 강추합니다!','2025-04-28 13:57:47'),(11,2,'podo****',10,'하이브리드 차량 주행성능 및 연비 만족하고 있습니다운전자와 동승자의 안전 및 편의에 도움 되는 장치들이 있어 든든합니다','2025-04-28 13:57:47'),(12,3,'ha20****',9,'그돈씨 그돈씨 하지만 나는 그랜져 살바엔 아엔산다. 그게 맞다. 페리버전은 아반때보다 승차감도 좋아집니다. 서스펜션이 올라가기 때문이죠.','2025-04-28 13:57:57'),(13,3,'edif****',9.67,'연비가 조금 많다는 것을 감안할 수 있다면 다른 사람에게도 추천할 수 있는 차량. (평균 11.1km/L)','2025-04-28 13:57:57'),(14,3,'harr****',9.17,'가격 성능 디자인 감성 전부 좋습니다.출력이 가끔 아쉽지만 공도에서는 넘쳐납니다.','2025-04-28 13:57:57'),(15,3,'cksd****',9.83,'이 차의 코너링은 마치 마법을 부리는 것 같은 움직임. 이게 감아진다고?? 매번 생각이 들 정도로 적응이 안 됨 . 그 외적으로는 아반떼와 같지만 명불허전 아반떼에 마법같은 주행성능은 더이상의 평가가 무색','2025-04-28 13:57:57'),(16,3,'jmin****',10,'주행성능이야 말할것도 없고 스마트크루즈 컨트롤까지 있으니까 편안하네요~ ㅋㅋ','2025-04-28 13:57:57'),(17,4,'sonb****',9,'첫 차 구아반떼, 두번째 아반떼MD, 이번이 세번째 아반떼인데, 세월이 지난만큼 차량 보조 기능들이 휘황찬란하게 바뀌었습니다. 디자인은 말할것도 없고요. 사회 초년생들에게 GOAT 라고 하지만, 중년인 입장에서도 너무나 만족합니다.','2025-04-28 13:58:06'),(18,4,'suey****',9,'연비 좋고 생김새도 나쁘지않고 종합적인거 전부 나쁘지 않지만 굳이 딱 하나 꼽자면 출력면에서 아쉬운건 120마력으로는 한계가 있다는걸 다시금 느낍니다','2025-04-28 13:58:06'),(19,4,'czdz****',9,'사회초년생이 타기 좋고 펀드라이빙을 즐겨보고싶은 오너들이 사고 걱정없이 타기 좋다고 생각함','2025-04-28 13:58:07'),(20,4,'ch33****',9.17,'페이스리프트 이후로 가격 대비 디자인이 너무 잘 뽑힌 모델이라 만족합니다. 주행 성능 및 연비도 좋아요. 차선유지기능, 차간거리와 속도 조절기능, 파킹어시스트플러스 옵션(+디스플레이 확장) 너무 잘 쓰고 있어서 추천해요','2025-04-28 13:58:07'),(21,4,'pooh****',10,'가성비 연비 가속감 다 좋음 떨어지는 곳이 없을정도로 아주 품질이 좋아요','2025-04-28 13:58:07'),(22,5,'fish****',9.5,'도심주행.주차하기 용이하고 고속도로 이용하면 연비가 좋아요. 시내95% 고속도로 5% 이용하고 있습니다.찬환경차량 2등급 으로 공공주차장 50%할인. 친환경 차량 주차면에 주차할수 있어서 좋아요. 승차감도 좋고요 아직까지 불편함 없어요.','2025-04-28 13:58:16'),(23,5,'jsk7****',7.17,'가성비 괜찮은 거 같아요 차체가 무겁지 않아서 좋습니다. 하이브리드 입문용으로 추천합니다','2025-04-28 13:58:16'),(24,5,'thk1****',8.17,'연비와 가격은 양호합니다.OTA 와 연동되는 소프트 웨어 프로그램 운용이 자주 끊어집니다.','2025-04-28 13:58:16'),(25,5,'fdep****',7.67,'디자인, 핸들링은 좋은데 주행 성능은 잘 모르겠어요. 시속 100km 까지 가속하는데 엔진이 힘들어해요.ㅠ 전에 타던 차는 15년 전 모델인데도 이렇게까지 더디진 않았는데. 저하고는 살~짝 안맞는거 같아요. 그러나 연비는 23 이상은 나옵니다.','2025-04-28 13:58:17'),(26,5,'ds5j****',7,'한달반 정도 탄후기뒷자리 창문 반정도 내림 프로펠러 도는 소리남.. 귀아파서 센터예약. 평지만 무난하게 달리고 조금만 오르막이면 힘딸림.. 캐스퍼보다 딸리는거 같음ㅡㅡ.. 그래서 망한거 같음. 사람들이 안뽑는댄 다 이유가 있는듯....','2025-04-28 13:58:17'),(27,6,'sdbl****',10,'너무 예쁘고 연비 너무 좋고 승차감 좋고 완벽합니다 사회초년생에게 완벽한 차입니다','2025-04-28 13:58:25'),(28,6,'ykki****',9.67,'QM6 19년 구매 현재 18만. 좋아요아들차로 아르카나 구매 안반떼 1.6mpi, cvt 동일하지만 기술의 닛산이 설계한 엔진, 자코트 cvt가 좋지않을까! 고속연비 18 , 디자인 cool 합니다 현대가 이런디자인 내 놓으면 3천부터...','2025-04-28 13:58:25'),(29,6,'iys6****',8.33,'주행성능. 연비, 디지인은 어느정도 맘에 들지만 소음 부분은 그저그렇습니다.헌기차의 잡소리와 내부 소재에 질려서 갈아탄 건데 역시나 소음부분은 하급차의 한계내에 있습니다. 엔진음과 풍절음은 그렇다고 치더라도 운전석 뒷문짝 부위에서 나는 피직거리는 소리는 아무리 잡으려 해도 해결이 안되고 있습니다. 클럽에 들어가봐도 고칠수 없는 소음이고 가장 많은 소음유형 중에 하나라고 합니다. 내부 소음에 민감하신분은 잘 생각해보시고 선택하시기 바랍니다.','2025-04-28 13:58:26'),(30,6,'youb****',8,'가격대비 품질이 좋아요. 힘 좋음. 가끔씩 나타나는 전자장비 오류는 아쉬움. 의자 불편함','2025-04-28 13:58:26'),(31,6,'belo****',9.17,'디자인과 가격 등 좋은 면만 보고 샀는데 타다보니 사소하게 불편한 점이 많습니다. 기존 20만 넘던 차 보다 더 화딱지 납니다 ㅂㄷㅂㄷ회사집 10키로 이내만 운전하다 보니 연비도 좋을 건 없고 뭔가 기술적으로 발전 좀 해야할 것 같아요 르노씨ㅠ','2025-04-28 13:58:26'),(32,7,'hl4g****',9.33,'메디인 제펜인줄 알았어요 메디인 유에세이 흰색 차량 색상 미흡 특히 범버와 번렌터 색상달음 국산차 보다 떨어짐 부품 용접 부분도 털어짐 엔진성능은 좋으나 내부로 소음이 많이 침투함 다음 차구입시 렉서스 생각중 입니다','2025-04-26 13:58:35'),(33,7,'well****',8.83,'차가격과 옵션들이 다소 아쉽지만 그 외 모든게 다 만족스러운 차할인이 들어갔을때 산다면 충분한 메리트가 있다','2025-04-28 13:58:35'),(34,7,'ocy8****',9.83,'다 좋습니다 연비 핸들링 성능 등등 겨울철 체감 연비도 만족을 할만핮니다','2025-04-28 13:58:35'),(35,7,'broj****',8.17,'어코드 주행성는 정말 인정합니다. 하이브리드라서 아쉬운 점은 하나도 없네요. 부드럽고 잘 나갑니다.옵션 부족한 건...아쉽지만, 이건 보증이후에 채울수 있는 부분이라 딱히 신경쓰이지 않네요. 오래타기 좋을 것 같아요.','2025-04-28 13:58:35'),(36,7,'kdwk****',9.67,'국산의 이쁜 실내 디자인과서비스 일까? 조금구린 실내 다자인이지만 주행성,핸들링,운전시에만 느끼는 승차감 중 고민을 엄청함..결국 이쁜건 3개월이면 끝...부품은 락오토등 직구 가능하여 공임나라에서 만이들 수리하고 있고 하이브리드 인데 10년에서 15년은 고장없이 가고 엔진개입에 따른 스트레스..미션이 넘어깔때 \"턱소리\" 스트레스 1도 없음..','2025-04-28 13:58:35'),(37,8,'shre****',10,'디자인과 연비 최강가격도 프로모션 많이 받으면 좋고 차급대비 옵션도 훌륭함','2025-04-28 13:58:45'),(38,8,'soni****',9.33,'주행성능 동급 최고 재미 보장 핸들이 작은 것도 한몫함디젤이지만 안에 타서 시동걸면 사람들이 디젤인지 모를 정도로 조용 디자인 최고 연비 최고(23~25 나오는듯) 뒷열이 너무 좁지만 차 크기가 작아서 어쩔 수 없는 문제 품질 전반적으로 우수하지만 독일차와 비교시 도장면이 약함 가격도 3000만원 미만으로 저렴했음','2025-04-28 13:58:46'),(39,8,'nasm****',9,'가성비 최고의 차! 디젤은 시간이 지날수록 부드러워지는 느낌. 희안하네..','2025-04-28 13:58:46'),(40,8,'poss****',9.17,'경쾌하고 좋습니다말이 필요없습니다. 직접 경험 해보시는게 좋아요.','2025-04-28 13:58:46'),(41,8,'onem****',9,'정말만족합니다. 우선 풀체인지된 디자인에 끌렸고, 출시 1년후 가죽시트 변경됨을 확인하고 구매를 확정했네요. 디젤인데 정숙한편이고 연비도 괜찮습니다, 주행모드가 세가지인것도 좋구요. 다만 출고가는 생각보다 높다는 생각입니다.','2025-04-28 13:58:46'),(42,9,'zxas****',7.67,'국산차가 나쁘지않지만 그래도 젊을때 한번 도전 해보시길수동차 좋아하면 찰떡 사고싶으면 사야지','2025-04-28 13:58:55'),(43,9,'lsh4****',7.33,'gt에서 무엇이 달라진건지 잘 모르겠음. 2.4 배기량만으로는 부족한 느낌','2025-04-28 13:58:55'),(44,9,'bsse****',10,'연비좋으면서 가격도 적당하고, 운전 재미가 있는 세컨카로는 완벽한 차량입니다.','2025-04-28 13:58:55'),(45,9,'care****',9,'주행질감은 정말 좋음 수동직결감 오랫만에 느끼게 해주네가벼운 차체에 낮은 무게중심 수동 후륜 말이 필요없는 차지만 고출력 타다가 넘어오니 출력이 아쉬움 출력이 올랏다곤 하나 낮음 30마력정도가 고파지는 차임','2025-04-28 13:58:55'),(46,9,'fant****',8,'구형 86도 탔었지만 전작보다 편안하고 일상주행성과 품질과 편의성이 상승.. 주행능력과 디자인은 크게 달라진 수준까진 아니지만 원래부터 최대 강점.','2025-04-28 13:58:56'),(47,9,'inet****',8,'경량, 후륜, 수동. 이 차밖에 안남았네요.보증이슈는 유감. 결국 선택지는 이것밖에 없어요','2025-04-28 13:58:56'),(48,10,'kbc0****',9.67,'장점 : 전기차, 정비할게 없음, 생각보다 넓은 실내단점 : 부품이 아직 쌍용마크','2025-04-24 13:59:04'),(49,10,'yyy7****',10,'첨단기능과 차량가격대비 가성비기조아오ㅡ중형이라좋고 차박에좋고 배터리화재나 보증기간이조아요. 고장안나면되지 머써비스센터 많으면조은가요','2025-04-28 13:59:04'),(50,10,'sdws****',9.33,'슬립현상으로 언덕을못올라가는곳이 많아 매우불안나머지는 만족합니다. 다음차는 좋은거쓰세요.','2025-04-28 13:59:05'),(51,10,'kej6****',9.33,'머리털나고 신차를 구매하였는데 전기차는 처음 입문 하여 처음에는 충전등등 걱정을 했는데 지금은 전에차가 휘발유차였는데 유류비가 반으로 줄고 아주 좋습니다.','2025-04-28 13:59:05'),(52,10,'mytm****',9.33,'실제 오너로서 리뷰 남깁니다.4인가족 패밀리 카로는 거주성 및 주행성능은 만족합니다. 하지만 어디까지나 가격대비 만족이지 뛰어나진 않습니다. 인포테이먼트는 아직 사용이 불편하고 특히 공조버튼사용이 많이 불편하네요. 인포테이먼트 사용이 편리해 진다면 사용자가 더 늘어날수 있을것 같아요 이 리뷰를 꼭 KGM에서 참고하시고 개선되었으면 좋겠습니다','2025-04-28 13:59:05'),(53,11,'yoon****',8.5,'연비 외관 좋고 거주성은 급을생각하면 평타는 치는거같은데 가격이 너무비쌈','2025-04-27 13:59:13'),(54,11,'lsk5****',9.33,'외관은 너무 맘에들어요작아서 세차하기도 편하고 덕지덕지 붙는 인테리어?도 많지않아 세차시도 편한듯해요 작은듯 편안한 내부공간에 만족합니다 뒷자석도 여유있지만 키가 180이상은 장거리 이동시 편하진 않을것같아요 트렁크 공간도 좁진않지만 예로 골프백 2개는 안되네요 뒷좌석을 접어야 충분하긴하지만.. 연비도 만족하고 실내소음.풍절음등 다 만족합니다 가격이 조금 비싼편이란 생각은 해봅니다','2025-04-24 13:59:13'),(55,11,'kimr****',8.33,'모터 출력이 딸려 정차후 출발시 다른 하브보다엔진게입이 더 빠름, 코너링이 불안하여 시속 45를 넘기면 이차가 코너링 세팅이 좋지 않다는걸 몸소느낌 탄성 주행을 할줄 안다면, 언덕이 없을시 기온이 10~15도 내외일시 배터리 잔량 65% 이상일시 시속 70km정도로 앵간하면 연비 30은 그냥 찍을수 있음. 디자인 정말 이쁘나 100만원주고 옵질을 하는게 에반데 안하면 아쉬울수 있음. 허나 차는 타는게 중요하지 처다보는건 3초라는거.. 승용차보다 딱 뒷자석 3cm넓은 느낌인데 3cm가 큰 체감은 안들지만 무시는 할수없다는거..','2025-04-28 13:59:13'),(56,11,'jeon****',9.5,'도심.고속도로 정속운전하면 합계연비는 23Km정도고 하이브리드연비는20Km정도 계기판에 뜨는데 다 믿을순 없고, 합계 19Km가 체감연비인듯 합니다.','2025-04-28 13:59:13'),(57,11,'usqu****',9.17,'하이브리드로 타고있는데 90-100km/h대로 달릴 때 약간 주행이 불안정한 것 같은 느낌(오히려 더 빠르게달리면 안정감있음) 과 전기에서 엔진으로 변환될 때 갑자기 들리는 소음만 빼면 전반적으로 아주 훌륭한 차예요. 살 땐 약간 작을까 싶었는데 혼자타기엔 크기도 딱 적당하고 앞자리 조수석도 타는사람마다 넓고 편하다고 좋아합니다. 디자인은 말이 많은데..ㅎㅎ개인적으론 전기차같은 디자인이 깔끔하고 귀여워요.','2025-04-28 13:59:14'),(58,11,'guns****',10,'연비 환상입니다. 출퇴근시 평균 18-20 km 나옵니다. 편안하고 조용하고 안전관련 기능이 뛰어나서 매우 만족합니다.','2025-04-28 13:59:14'),(59,12,'aosd****',10,'오히려 화이트보단 에코그레이펄이 더 오래 타기엔 좋아보이고요 연비도 4000km 기준 평균 13키로 찍히네요 평소에 고속주행은 하지 않습니다 차도 조용하고 대신 악셀 각도가 높다보니 정강이가 아픈 부분이 있습니다 이 점 참고해서 시트를 좀 더 뒤로 설정하고 타시는 걸 추천드려요','2025-04-28 13:59:22'),(60,12,'y2w7****',9,'아직까진 큰 불편없이 만족합니다. 디자인 편의사항 다 좋아요 시내주행만 주로 하디보니 딱히 불편함은 모르겠습니다','2025-04-28 13:59:22'),(61,12,'nnj1****',9.67,'실내공간이 넓은게 일단 가장 큰 장점디스플레이가 커서 시원시원한 느낌 주는 것도 좋아요','2025-04-28 13:59:22'),(62,12,'ths7****',9,'좁지않은 실내공간, 동급 차량 우수한 운행 성능연비도 꽤 잘나오는 편에 속함 옵션이 풍부하다 타본사람은 욕 안해도 안타본사람만 억까가 심한 듯.','2025-04-28 13:59:22'),(63,12,'turb****',10,'좋아요 ㅎㅎ 대박 최고임 따 봉 쓰 구매 만족도 최고라고 생각합니다 여러분도 구매하세요','2025-04-28 13:59:23'),(64,13,'gifm****',7.67,'장거리 운행은 안되고 도심운전이나 출퇴근용추천합니다 트럭 이라고 ? 승용차수준 조용하고 안락해요','2025-04-28 13:59:32'),(65,13,'juni****',1,'이게 4500짜리차냐?전구다마 차량인데ㅋ이게 4500짜리차냐?전구다마 차량인데ㅋ','2025-04-28 13:59:32'),(66,13,'jdh4****',5,'개인적인 내용입니다 주행거리 너문 짧음 ,아쉽다 그리고 지금1년타고 있습니다 뒤타이어가 벌써 철심보임 운전습관인가 중간 일부 타이어 교체했는데 또 교환예정','2025-04-28 13:59:32'),(67,13,'boun****',10,'전기차 탑차 양문여닫이 인데 틈이 많아서 소음이 심하고 겨울에는 냉기가 심해서 난방이 안돼요 참고 하시고 보강을 해야 사용하실 수 있어요. 전기화물이라 아직까지는 충전량에 비해 거리가 짧아요 감안 하시고 타셔야 합니다. 전체적으로 만족합니다.','2025-04-28 13:59:32'),(68,13,'lege****',3.83,'기아 결정권자들이 기본 수요가 있다는 명목으로 얼마나 차를 대충 만드는지 알 수 있는 차좀 타보고 만들어라','2025-04-28 13:59:32'),(69,13,'eotn****',4.5,'잔고장 있음. 차량 울렁거림 심함. 시내전용화물.차량내부 협소해서 청소힘듦. 브레이크 밀림. 깜빡이,주행등 .차폭등 .교환주기 빠름. 차문짝 철판깨짐.창문 빠짐. 창문틀고무 부식있음(3년만에 교체),한달 한번 기아서비스방문하고있음. 😎','2025-04-28 13:59:32'),(70,14,'hani****',8.83,'디자인 귀엽고 작지만 강하고 연비 좋고 소형차지만 SUV높아서 그래보이지 않아서 좋다.그런데 소형차라서 장점이 가격인건데 비교적 비싸다','2025-04-28 13:59:42'),(71,14,'hyey****',10,'첫차로 만족하면 잘 타고 다녔어요. 귀엽지만 있을 건 다 있어서 넘 좋았습니다.','2025-04-28 13:59:42'),(72,14,'lusi****',9.83,'혼자 타고 다니기에 매우 만족스러움 뒷좌석과 트렁크 공간이 조금 부족하지만 혼자 타는차라 상관없음 트렁크 부족하면 뒷좌석 접으면 됨 3년 탔는데 매우 만족','2025-04-28 13:59:42'),(73,14,'cool****',6.33,'예쁘고 시끄러운차 풍절음,노면소음 방어가 안됩니다🙃그리고 꿀렁거려요ㅠ','2025-04-28 13:59:42'),(74,14,'ic10****',9,'연비깡패, 운전 잘 하면 리터당 21나옵니다. 내장재가 너무 플라스틱이라 싼티나는게 단점','2025-04-28 13:59:42'),(75,14,'tnr3****',8,'작고 주차도 편하고 시내운전에 좋아요연비는 좀 안좋아요 가끔 주행할때 알피엠이 많이 올라가서 소음이 심할때가 있습니다','2025-04-28 13:59:42'),(76,15,'pjh9****',8,'현기타다 처음 독일차 타보는 건데 다시는 현기 못탈거 같네요. 핸들링, 악셀, 브레이크 등 밸런스 진짜 미친 차라고 생각합니다. 뒷자석 좁고 인포테이먼트는 좀 불편.. 시내 평균연비 9 나오는데 연비 바라고 타는 차는 아니니까.. 이거 말곤 불만 없습니다.','2025-04-28 13:59:52'),(77,15,'kimh****',10,'차량 성능, 디자인, 연비 모두 만족안드로이드 오토나 소프트웨어 는 불편함','2025-04-28 13:59:52'),(78,15,'1314****',6.83,'패밀리카론 당연히 작고 주차시설 헬인곳에 살아서 편한데가끔 너무작아서 답답할때가잇죠 1인 신조로 탄다면 더없리 좋은차','2025-04-28 13:59:52'),(79,15,'caco****',8.17,'거주공간 빼고 아주 만족합니다. 옵션이 다소 부족하지만 엄청 불편한건 아니고요.','2025-04-28 13:59:52'),(80,15,'kkys****',10,'할인 많이 받고 구매했습니다!! 역시 골프gti 최고네요^^주행능력부터 디자인까지 모든게 만족스럽습니다!','2025-04-28 13:59:52'),(81,16,'mndm****',5.67,'공인전비보다는 잘 나오긴하나 너무 짧아요.겨울철엔 히터를 거의 못킬정도로 더 짧아지고요. 에어컨관련 부품의 품질이 떨어져, 무조건 한번 이상 싹 갈아줘야 하고 등화류 전구도 너무 잘 나가서 몇개씩 여분으로 가지고 있어야 합니다.','2025-04-28 14:00:01'),(82,16,'neve****',5.17,'겨울에 히터나 여름에 에어컨 쓰기 힘들 정도로 주행거리 짧음. 적어도 화물차엔 400~500km 정도 배터리 넣어줘야 장거리도 타고 하지, 하루100km 정도 운행하는데 날마다 충전하는것도 번거롭고 급속 충전 속도도 느려서 잔여 30~40%에서 1시간 이상 충전해야 90% 가까이 충전됨 120km/h 속도 제한 있어서 118이상 최고 속도 안 올라갈뿐 아니라 배터리 소모도 심함 정속 주행 80~90에 회생제동 3단계 해 놓으면 그나마 조금 더 탈수 있음 배터리만 바꿔서 주행거리 4~500이상 나오면 탈 만한 차임','2025-04-28 14:00:02'),(83,16,'ldh6****',1,'사업용으로 대충 잘 쓰고있기는 하나 왠만하면 집이나 회사에 완속충전기나 220v 콘센트 뺄수있는 조건 아니면 사지마세요~적당히 내가 서울에서 대전이나 금산까지만 간다고 생각하고 타세요~ 아쉬운게 더블캡으로 나왔으면 대박쳤을텐데...ㅉㅉ 제가 회장이었으면 마케팅부서 연구부서 임직원들 전부 대갈박고 빠따치고 싶었을겁니다ㅎㅎㅎ 만들었으면 조선의 사이버트럭으로 유명했을텐데...노가다 수요 무시못하거든요...ㅉㅉ 5년째 22만 타고있는데 도대체 리콜을 몇번을 하는지 모르겠어요. 돈벌어주는 차인데 참 아쉽네요~ㅎㅎㅎ','2025-04-28 14:00:02'),(84,16,'juny****',6.83,'전기트럭 두대째입니다. 보조금이 줄어서 아쉬운것 말고는 좋습니다. 한시가 급한 장거리로 주로 타시는분은 어렵겠지만 단거리를 주로 가는저에게는 딱입니다.','2025-04-28 14:00:02'),(85,16,'lhb2****',3.17,'수시로 리콜이 발생하네요 주행거리도 짧아서 불편하구요실제로 사용할수 있는 충전기도 부족하고, 고장나 있는 충전기도 많고, 충전시간도 많이 걸리고, 고속도로에서는 밧데리사용가능한게 60%(거리100~120km)밖에 안되어서 1시간마다 충전해야하고..','2025-04-28 14:00:02'),(86,16,'skle****',5.5,'주행거리가 너무너무 짧아요 댜시 안사요 동네용 차에요 ㅎㅎㅎㅎ 😆 😡😡😡😡😡😡','2025-04-28 14:00:02'),(87,17,'dnfl****',6.17,'이쁜 쓰레기차 라는 평가에서 이쁘고 보통인차로 인식변경.솔직히 디자인이 최고장점인 차잖아용~ 상위트림 가지않는이상 에센셜은 핸들열선,hud,전동시트 없구요. 클래식 이상은 가야 탈만합니다. 물논 운전 잘하시는분은 어라운드뷰나 보조옵션 다필요없습니다. 어차피 차도 작잖아요~','2025-04-28 14:00:17'),(88,17,'teay****',7.67,'확좋아진 편의성과 편안해진 승차감 가벼워진 핸들은 여성 오너분들이 선택하기에 확실히 좋아진 면이 많나요','2025-04-28 14:00:18'),(89,17,'eu48****',9.5,'1인가구 3도어 아주 만족입니당♥︎ 금액이 조-금 비싸지만 풀옵션에 승차감도 정말 좋아요','2025-04-28 14:00:18'),(90,17,'jp_r****',8.5,'이제야 옵션다운 옵션들이 들어감,그리고 예쁜데, 너무 예쁨 자꾸 눈이감','2025-04-28 14:00:18'),(91,17,'favo****',9,'미니로서 뛰어난 성능이 좋고 그리고 너무 이쁘고 계기판도 편리하고 아주 만족해요','2025-04-28 14:00:18'),(92,18,'xinx****',10,'연비에서 무조건 먹고들어가는 차.두박자 느린 소프트웨어가 아쉽고 센서 반응이 느려서 속 터지긴 하나 디자인때문에 픽 하게 되는 차','2025-04-28 14:00:58'),(93,18,'chs3****',9.17,'저배기량이 안느껴질만큼의 아이신 8단 미션 세팅은 너무 훌륭합니다 . 레이싱할꺼 아니면 일반도로,고속도로 전혀 부족함없습니다. 디자인은 말할꺼 없이 완벽합니다.','2025-04-28 14:00:58'),(94,18,'ehdu****',10,'미칠듯이 아름다운 디자인난폭운전을 할 생각이 없다면 전혀 문제없는 주행성능 푸조만의 핸들링 기술 및 훌륭한 연비 고민은 구입만 늦출뿐','2025-04-28 14:00:58'),(95,18,'bt50****',10,'디자인 우수하고 민첩한 핸들링, 작은 심장이지만 부족함 없는 여유로움출렁이지 않는 하체와 고급스런 승차감','2025-04-28 14:00:59'),(96,18,'gtbe****',10,'디자인 좋고, 1200cc지만 답답함 없는 조반 응답성, 토션빔인지 모르는 승차감. 차 좋아요','2025-04-28 14:00:59'),(97,18,'wad9****',9.67,'엔진이 1.2라 걱정한 것과 달리 충분한 성능을 발휘합니다. 디자인은 말할 필요 없이 최고이며 코너링 등 주행성능도 만족스럽습니다.','2025-04-28 14:00:59'),(98,19,'sonb****',9.67,'이 차의 전반적인 평가 의견은 디자인이 심플하면서 예쁘고, 주행성능이 뛰어남','2025-04-23 14:01:19'),(99,19,'yuri****',8.67,'누적 1000KM 주행 소감입니다. 조용하고 흔들림 적은 승차감, 순간 치고 나가는 힘, 귀여운 디자인, 짱짱한 오디오, 운전할 맛 나는 핸들링, 개방감 넘치는 파노라마 글라스루프, 티맵 기본 장착인 점이 좋았습니다. 하지만 거의 모든 컨트롤을 태블릿에 몰빵하고 복잡한 UI, 아쉬운 배터리 용량, 너무 얇은 핸들은 좀 아쉬워요.','2025-04-28 14:01:19'),(100,19,'bjm3****',9.67,'디자인은 더이상 말할 필요없이 최고. 귀엽고 그냥 사랑스러움. 뒷열이 좁지만 저는 운전석이 최대한 앞으로 당겨져있어서 뒤에 타는 사람들도 생각보다 넓다고 함. 주행성도 최고. 유일하게 단점을 꼽자면 뒷열? 전 주행거리도 짧다는 느낌 못느낌.','2025-04-28 14:01:20'),(101,19,'hyun****',9.67,'볼보의 아이덴티티를 잘 계승한 모델로 디자인, 주행능력, 승차감, 안전성, 편의성 모두 뛰어납니다. 다만 소형 suv로 2열의 부족함, 1회 충전시 주행거리는 아쉽습니다','2025-04-28 14:01:20'),(102,20,'1593****',9,'전기차. 많이 좋아 졌네요두번째 인데 가격도 내렸고 주행거리도 좄고 작은차지만 거주성 최고 안전성이 ᆢ살 살 타야겠죠','2025-04-28 14:01:29'),(103,20,'hone****',9.17,'전기차라 어쩔 수 없다고는 하지만 가격이 너무 비싸다. 나머지는 모두 만점에 가깝다고 생각한다.','2025-04-28 14:01:29'),(104,20,'yegu****',8.67,'조용하고 잘나가고 동급대비 승차감이 매우 좋습니다. 전기차의 편리함을 알아가고 있습니다.','2025-04-28 14:01:29'),(105,20,'ii******',9.83,'자율주행만 된다면 좋겠지만… 그래도 차를 휴대폰 사용하듯 관리없이 사용할 수 있는건 너무 편해요. 특히 버스비보다 저렴한 충전비는 100% 만족이네요. 특히 아파트 완속충전기는 상시 50% 할인이라 만원에 600킬로 이상 갈 수 있어서 거의 부담이 없어요. 앞으로 엔진차 살 일은 없을 듯…','2025-04-28 14:01:29'),(106,20,'hokj****',10,'주행거리가 정말 좋아요 시내주행 650km정도 갑니다 차도 조용하고요 나무랄때가 없습니다','2025-04-28 14:01:30'),(107,20,'maya****',9.17,'가격빼고 최고의 전기차입니다 파워풀하고 주행거리 엄청남 보조금을 많이늘렸음하는 마음','2025-04-28 14:01:30'),(108,21,'jung****',10,'모든게 아주 만족!!! 다만 연비가 아쉽다....허기야 이덩치에 연비는 감수해야지 이차 씹어대는 자들은 시승해보고 씹어라.씹어대는 인간들보면 하나같이 인생이 구질구질하게 살아온듯 남욕하는거 좋아하고 그렇게 살지마 근데 펠리세이드 살돈은 있으려나...... 의문이다. 이차 100점 만점에 90점 준다','2025-04-24 14:01:45'),(109,21,'paul****',8.33,'It is a right choice for family moves with tolerable fuel efficiency.','2025-04-22 14:01:45'),(110,21,'nals****',8.67,'큰 차체와 넓은 실내공간이 좋고 이정도 옵션에 가격 만족스러움. 하자는 없지만 나파 시트 품질이 별로임비슷한 가격과 크기로 익스프로러가 비교되지만 실내 고급감과 옵션은 팰리가 압도함. 주행 질감 부드럽고 왠만한 세단 저리가라할정도임','2025-04-28 14:01:45'),(111,21,'jazz****',5.67,'확실히 시내연비는 떨어짐 어쩔수 없다고 생각함. 실내는 처음에는 이뻐 보이지만 차 가격에 비해 많이 부족함. 차 가격을 적당히 올렸으면 이해 할수 있었을텐데.....옵션이나 주행질감은 진짜 괜찮습니다. 브레이크 밀린다고 하는데 기존 1P가 아니라 대용량 1P라 충분함...급가속 급제동 하시는 분들이면 밀린다고 느껴질만합니다. 딱 4인 가족용 입니다 .3열 쓰실라면 무조건 카니발 가세요 .싼타페랑 비교하는데 현대는 차급은 확실히 놔눠둠. 팰리가 구린게 아니고 싼타페가 엄청 잘나온겁니다. 돈 아끼실려면 싼타페 타셔도 충분할듯','2025-04-28 14:01:45'),(112,21,'dark****',9.5,'4인가족에 한번씩 부모님 모시고 마실 나가기 딱좋네요디자인 지리고 내부공간 넓고 프리뷰 전자서승 승차감 좋고 만족 합니다.가족을 위한 차 입니다 굳','2025-04-28 14:01:46'),(113,21,'kgik****',6.83,'6기통엔진이 아닌 4기통 1P브레이크라는게 좀 아쉽다. 하체 방열판 흡읍제 빠지거나 스테빌라이져 아이오닉N급이아님 가벼움 6천만원짜리에 들어가야할 부품이 없음 디자인만 이쁘게 다임','2025-04-28 14:01:46'),(114,22,'leel****',9,'튼튼한 바디 예전에 비해 내부가 조금은 트렌드 하게 변했습니다아쉬운건 외장디자인 풀 바디의 장점에 비해 사각형 외형 조금더 샤프한 외관이 아쉬움','2025-04-28 14:02:01'),(115,22,'1112****',9.17,'차박 편의성, 운전편의성, 승차감 등 나무랄데가 없지만 차량 software및 AVN system은 많은 개선 및 안정화가 필요합니다.','2025-04-28 14:02:01'),(116,22,'gaeu****',8.83,'안전성에 대체로 만족합니다. 직영 정비공장이 많이. 확보되었으면 좋겠습니다.','2025-04-28 14:02:01'),(117,22,'ng28****',9.5,'조수석 뒤자석똑 풍절음 심함 도로 주행시 타이어 주행소리 심함, 전에 타던 렉스턴W보다 엄청 편하고 피로도가 제로 입니다','2025-04-28 14:02:02'),(118,22,'ever****',9.5,'디젤인데도 시끄럽지않게 방음처리넘잘처리됬고주행이부드럽네요 직접타보시면만족하실겁니다','2025-04-28 14:02:02'),(119,24,'8624****',9.5,'첫차로 구매했는데, 주행성이나 안정성이나 모든게 마음에.듭니다!잘거리 가실꺼면 가솔린말고 하브 추천드려요','2025-04-24 14:02:23'),(120,24,'park****',8.67,'문제가 안생기면 좋겠지안. 문제가 발생시 A/$ 받기가 너무힘들다..그리고 블루핸즈기사들 기술적인 지식이 너무부족함','2025-04-24 14:02:24'),(121,24,'lim9****',9.67,'전체적으로 다 만족도가 좋은데,차량 가격이 비싸지 않다보니 내부공간이 좁은게 아쉽네요. 뒤쪽 적재공간이 조금더 크면 좋겠네요...^^;','2025-04-28 14:02:24'),(122,24,'je25****',10,'성능 주행 디자인 거주성 굿만족합니다아 ㅎㅎㅎ 다음차도 투싼이다 ㅎㅎ','2025-04-28 14:02:24'),(123,24,'jhm0****',9.33,'차 자체는 너무 이쁘고 연비도 나쁘지 않습니다.DCT변속기라 해서 많이 고민했는데 진짜 나쁘지 않고 좋습니다!!','2025-04-28 14:02:24'),(124,24,'syj1****',10,'전체적으로 다 만족스럽고가솔린인데 현재 누적연비 15로 나오는걸 보아하니 이정도면 하브를 하지않아도 만족스럽네요.','2025-04-28 14:02:24'),(125,25,'moos****',9.83,'연비 최고 입니다가성비와 디자인보고 그랜져 하이브리드와 비교하다 샀는데 너무 좋아요','2025-04-27 14:02:33'),(126,25,'bird****',9,'다들 연비가 20km 넘는다고 하시는데... 전 연비운전 해도 19km가 최선이네요~ 고속도로 탈일은 거의 없고 80%이상 국도에서만 운행합니다. 시내 운행도 거의 없구요~','2025-04-28 14:02:33'),(127,25,'blan****',9.17,'기름이 먹지를 않음 승차감도 좋고 가격은 살짝 높은건 사실이지만 가격대비 성능은 월등함','2025-04-28 14:02:33'),(128,25,'jinw****',9.33,'차량가격이 많이 올랐으나 디자인 연비 편리성등에서 뛰어나 대단히 만족함','2025-04-28 14:02:33'),(129,25,'musi****',9.67,'어떻게 타든 연비는 기본적으로 18-21 유지중 디자인도 캠리 특유의 느낌에서 많이 벗어나 세련된편 승차감또한 뛰어남. 대신 100키로 이상 달릴시 운전석 옆쪽으로 들리는 풍절음 있음(음악이 틀어져 있다면 들리지 않긴함)','2025-04-28 14:02:33'),(130,25,'rayk****',9.33,'미친듯이 밟아도 최저 18이상 널널하게 타면 23이상 보장...연비좋고 스피커 좋고~ 프리미엄이라 풀옵션이라 다 좋습니다 근데 U+ 이건 왜 있는건지 의문...','2025-04-28 14:02:34'),(131,26,'wiza****',9.33,'바뀐 외관이 매우 날렵하고 중후하게 보입니다. 하이브리드 차량의 특성상 20~40일에 한 번 주유를 하는 연비를 기록하기 때문에 요즘 유행하는 노브러쉬 자동 세차를 정기구독해야 할 정도로 연비나 주행할 때의 안정감 퍼포먼스, 특히 차량 내부의 인터페이스 등이 뛰어납니다.','2025-04-28 14:02:42'),(132,26,'moon****',6.17,'저는 뽑기 꽝 입니다 6주만에 오류코드 떴습니다더 화나는건 오토큐 정비소에서 다른 정비소로 뺑뺑이 시킵니다 현대차 타다가 기아로 넘어왔는데 그냥 너무 화나네요 에어컨도 안나오는데 더워 죽겠는데 이것도 제가 감수해야 하는 부분이라고 하네요 참..','2025-04-28 14:02:42'),(133,26,'knth****',9.33,'디자인도 이쁘고, 내부 공간도 엄청 넉넉합니다. 출력이 부족한 느낌도 없어서 주행도 재밌습니다. 다만 가격이 너무 많이 오른게 아쉽네요.','2025-04-28 14:02:42'),(134,26,'sky7****',9.33,'차 너무 좋지만 가격이 많이 올라갔습니다. ㅠㅠ 그래도 디자인, 연비 다 좋습니다','2025-04-28 14:02:43'),(135,26,'ap******',9.17,'가격이 너무 올라서 비쌌던거 빼고는 너무나도 사고 싶었고 실제로 만족도 최상','2025-04-28 14:02:43'),(136,26,'taem****',9.33,'다 좋은데 가격이 많이 올라서 쏘렌토가 보임겨울철이라 연비는 히터끄면 20넘게 나옴','2025-04-28 14:02:43'),(137,27,'wiza****',9.33,'바뀐 외관이 매우 날렵하고 중후하게 보입니다. 하이브리드 차량의 특성상 20~40일에 한 번 주유를 하는 연비를 기록하기 때문에 요즘 유행하는 노브러쉬 자동 세차를 정기구독해야 할 정도로 연비나 주행할 때의 안정감 퍼포먼스, 특히 차량 내부의 인터페이스 등이 뛰어납니다.','2025-04-28 14:02:53'),(138,27,'moon****',6.17,'저는 뽑기 꽝 입니다 6주만에 오류코드 떴습니다더 화나는건 오토큐 정비소에서 다른 정비소로 뺑뺑이 시킵니다 현대차 타다가 기아로 넘어왔는데 그냥 너무 화나네요 에어컨도 안나오는데 더워 죽겠는데 이것도 제가 감수해야 하는 부분이라고 하네요 참..','2025-04-28 14:02:53'),(139,27,'knth****',9.33,'디자인도 이쁘고, 내부 공간도 엄청 넉넉합니다. 출력이 부족한 느낌도 없어서 주행도 재밌습니다. 다만 가격이 너무 많이 오른게 아쉽네요.','2025-04-28 14:02:53'),(140,27,'sky7****',9.33,'차 너무 좋지만 가격이 많이 올라갔습니다. ㅠㅠ 그래도 디자인, 연비 다 좋습니다','2025-04-28 14:02:53'),(141,27,'ap******',9.17,'가격이 너무 올라서 비쌌던거 빼고는 너무나도 사고 싶었고 실제로 만족도 최상','2025-04-28 14:02:53'),(142,27,'taem****',9.33,'다 좋은데 가격이 많이 올라서 쏘렌토가 보임겨울철이라 연비는 히터끄면 20넘게 나옴','2025-04-28 14:02:53'),(143,28,'lck7****',9.67,'K3에서 넘어 왔는데 거주성, 승차감, 정숙성, 디자인, 연비 모두 만족합니다 가격빼고…','2025-04-28 14:03:03'),(144,28,'lemo****',10,'K5 하이브리드 2.0엔진 중형세단의 힘과 하이브리드의 정숙성 무엇보다 차량 스타일 너무 멋짐 내부도 넓고 볼수록 마음에 듬 2.0엔진이라 고속주행시 하이브리드로 치고나가는 힘이 아주 좋음 연비는 운전습관에따라 한겨울도 17~20 유지 가능하고 평균 19~23 으로 잘나오는것 같음~ 1년 다 되어 가는데 탈수록 만족스럽고 좋음','2025-04-28 14:03:03'),(145,28,'kt72****',10,'승차감 안전성가격 차량 모양 정말 만족 합니다지인에게 추천하고싶은 차량입니다ㆍ기아자동차 만족 합니다','2025-04-28 14:03:03'),(146,28,'rhcn****',9.17,'연비좋고 실내넓고 중형차인데도 준대형급으로 고급스럽고디자인도 예쁘지만 가격이 하이브리드 풀옵션이면 비싸다','2025-04-28 14:03:03'),(147,28,'chag****',8.17,'가격이 비싸서 대안이 많고,, 코너에서 뒷바퀴가 좀 털림2.0HEV라 자동차세 50,,,에 연비도 그닥ㅠㅜ 사고 나서 후회가 더 많은 차 하,,','2025-04-28 14:03:04'),(148,28,'fifa****',9,'디자인 성능은 너무 맘에 드는데, 연비는 생각만큼 잘 안나오는것 같음(특히겨울), 차량 가격은 상당히 비쌈~','2025-04-28 14:03:04'),(149,29,'sssd****',9.67,'전 차가 sm5 lpg였습니다. 연비 평균 5~8 정도나왔었고 자주 충전소에 가는 불편함이있었습니다 차가 퍼져서 신차를 k5구매 했는디나름 핸들이랑 연비에서 만족했습니다. 평균 출퇴근 왕복 20km 인데 연비 12~13정도 나옵니다 고속도로는 최대 26-28 크컨 키고 그정도나온거같아요 만족합니다','2025-04-28 14:03:13'),(150,29,'myst****',8.5,'풀옵션사양이 동급대비 최신옵션을 많이 포함하고 있어 다른차를타는 느낌이 듭니다.주행연비는 안전운행을 지향하면 최대리터당20km// 평균연비는17km넘습니다.19인치타이어인데도 준수한 연비를 보여줍니다.','2025-04-28 14:03:13'),(151,29,'wjdg****',8.67,'디자인이 마음에 들어 구입했고, 실제 운행 결과도 만족스러움.주로 시내 주행만 하다보니 연비는 평균에 미치지 못하는 아쉬움은 있지만, 출퇴근용이 주 운행 용도라 만족하고 있음.','2025-04-28 14:03:13'),(152,29,'khfi****',10,'이제까지 타 본 차 중에서 가장 좋은 차라고 생각합니다.','2025-04-28 14:03:14'),(153,29,'asdd****',9,'요트블루컬러인데 너무 만족합니다. 디자인은 최고고 나머지는 컴팩트하게 불편함 없이 이용합니다.','2025-04-28 14:03:14'),(154,29,'puri****',9.83,'이쁘고 승차감 좋습니다 고속주행도 아주 안정적이네요운전자에게 편리하게 잘 되어있습니다','2025-04-28 14:03:14'),(155,30,'guny****',8.67,'적정가격,품질가성비굳,편안한운전환경기타등등이정도면확실히거의모든면에서만족합니다.','2025-04-28 14:03:22'),(156,30,'lmhl****',10,'타보기전에는 중국차. 국뽕빼고접근하자구요.현기ev전기차는밧데리가 용량이부족.. 현기ev전기자는 순수전기차디자인도아니구. 이넘은 한마디두마디로 잘삿다. 서비스도 지엠에서. 외쿡차니깐. 한번 용기내서 타보슈. 뭔가 다르긴달라요.','2025-04-28 14:03:22'),(157,30,'chae****',9.5,'Good very good very well and good 👍 and good','2025-04-28 14:03:22'),(158,30,'sia1****',2.5,'화물전기차구매는 일과 관련되서는 절대 구매하지 말아야함승용 용도는 괜찮음','2025-04-28 14:03:23'),(159,31,'tmdd****',9,'생각보다 만족스러워요~ 실내 공간 작고 주행중 풍절음 등이 있긴 하지만 경차니까요. 연비 평균 16 정도 찍히는데 기본정보에서 나오는 것보단 잘 나오는 것 같고 전체적으로 한 두 명 타기에 괜찮은 찹니다.','2025-04-28 14:03:31'),(160,31,'ghdi****',8.67,'차가 전체적으로 좋습니다. 잘 나가네요. 아직 4일차라 그럴지도 모르겠네요. 연비는 조금 아쉽지만 디자인도 마음에 들고 좋습니다. 그리고 생각보다 내부가 넓어요.','2025-04-28 14:03:31'),(161,31,'luva****',7.67,'조립공장에서 정신 못 차린듯.. 부품 빼먹고 조립해서 신차 받자마자 센터가서 고치고, 테일램프 스크래치 장난 아니게 나있는걸 부착하고.. 공장 정신상태 빼면 차는 좋음. 터보 잘 나가고, 기어가 4단이라 어느 지점에서 급격히 변속되는거 조금 아쉬움','2025-04-28 14:03:32'),(162,31,'daju****',9.33,'가격이 일단 비싼편이긴 하나 편의사항 개선된 것들을 보면 일부는 납득할만함. 경차라 공간은 좁으나 경차로서 부족함을 크게 느낄부분은 없어보임. 생각보다 연비는 괜찮게 나옴.','2025-04-28 14:03:32'),(163,31,'chlt****',9.33,'비싸지만 이만한 경차가 또 있나하는 느낌 원가절감한듯한 부분들은 꽤나 아쉬운요소로 확 와닿음','2025-04-28 14:03:32'),(164,32,'jena****',9.33,'만족합니다!!!','2025-04-26 14:03:41'),(165,32,'davi****',8.83,'좋은데 아쉬운 느낌 뭔가 힘이 떨릴 때가 있다는 생각도 있고 하이브리드여서 그렇다는데 이해는 하지만 아쉽고 여전히 난 사륜구동이 마렵다','2025-04-28 14:03:41'),(166,32,'pbs7****',8.67,'연비가 생각 보다 좋았어요전 출퇴근용으로 쓰고 주말에 가끔여행을가는데 15키로 이상 입니다','2025-04-28 14:03:41'),(167,32,'pein****',10,'전체적으로 만족합니다 출고대기가 11개월 걸렸던거 빼고는. .','2025-04-28 14:03:41'),(168,32,'kdi3****',9.33,'주행성능 좋고 등치비해 연비좋다 만족패밀리카 최고. 보험료 자동차세금도 낮아 가성비 짱!','2025-04-28 14:03:41'),(169,32,'dkst****',3.17,'카니발이5800만원 시대다 세상에..말세다말세여... 하.. 너무비싸졌다','2025-04-28 14:03:41'),(170,33,'serj****',6.83,'아직까지는 맘에듭니다 듬직하고 좋네요 연료 유지비가 조금은 부담되지만 자부심은 생기네요','2025-04-27 14:03:50'),(171,33,'twin****',9,'생각보다 좋은 연비와 부족하지 않은 힘이 무척 만족스럽습니다.','2025-04-22 14:03:50'),(172,33,'ywch****',9,'내 가족들 태우고 다니기 최고다.3.5가솔린 6기통이라 나갈땐 나가주고 편안하게 운행할때는 낮은 RPM으로 조용히 나가준다. 새차 냄새가 좀 나는거랑 내장재 재질이 좀 불만이지만 2열 시트와 슬라이딩 도어가 상쇄 해준다. 가끔씩 하브 연비 보면 부럽지만 시내 8, 고속12 정도인데 그냥 공인연비 나온다.','2025-04-28 14:03:50'),(173,33,'chlw****',7.83,'전모델들에서 많이 향상된부분이 많아서 좋아요확실히 포지션이 승합에서 세단쪽으로 바뀐느낌 다만 연비 때문에 주유소를 자주갑니다ㅎ','2025-04-28 14:03:50'),(174,33,'bong****',8,'가족차로 이만한것이 없다. 아웃도어 투림을 샌각 좀 더 하고 만들었어야. 한다.','2025-04-28 14:03:50'),(175,33,'yera****',9.67,'차가 넓어서 좋습니다 3.5휘발유라 기름값좀 나가지만 좋습니다.','2025-04-28 14:03:50'),(176,34,'mail****',9.33,'편의장치가 많아요 승차감이 좋아요 하체가 탄탄해요 아반떼 하브도 있는데 연비가 기대보단 좀 못하지만 그래도 훌륭해요 고속도로 올려야지 많이 나와요 평상시는 고속 없이 16~17정도 찍어요 고속은 20대 찍고요','2025-04-28 14:03:59'),(177,34,'that****',8.33,'이직을 하면서 출퇴근 거리(하루 130km)가 늘어나 어쩔 수 없이 하이브리드로 구입. 5000km가량 주행하면서 평균 연비는 20km/l 나오고 있어 이 부분은 만족. 단, 110~120 이상의 고속에선 연비 별루. 고속도로 위주라면 디젤이 더 좋은 선택일수도. 6단 변속기와 답답한 변속 로직으로 인해 경쾌한 주행은 어렵지만 연비 하나 보고 구입한 지라 이 부분은 포기. 보스 오디오 선택했는데 베이스가 강조된 음악에선 문에서 떨림/소음 심함. 그 외는 무난무난. 장거리 주행 많지 않다면 그다지 추천하지 않음.','2025-04-28 14:03:59'),(178,34,'ml93****',9.83,'전체적으로 모난 구석 없어서 부담 없이 굴리기 좋네요첫차로 뽑았는데 만족합니다','2025-04-28 14:03:59'),(179,34,'js90****',8.67,'6단변속기에 의한 느린변속이 많이 아쉽습니다.가격은 쫌 나가지만 막상타면 가격값은 하는거같습니다. 거주성은 운전자 기준으로 넓고 쾌적합니다. 품질에 대해서는 아직 아쉬운 부분은 없습니다. 연비는 아직 겨울에만타서 잘모르겠지만 평균 15K정도 나와서 만족스럽습니다.','2025-04-28 14:03:59'),(180,34,'dear****',10,'디자인, 연비, 성능 모든 면에서 만족스럽게 타고 있습니다. 출퇴근도 즐겁고 여행도 즐겁고 ㅎㅎ 한동안 운전하기 귀찮았는데 다시 재밌어졌네요!!','2025-04-28 14:04:00'),(181,35,'asd3****',7.17,'국산차 그이상도 그이하도 아닌 딱 국산차','2025-04-24 14:04:10'),(182,35,'seri****',10,'어쩌다 사게 되었는데 전부 다 맘에듭니다.우리가족 안전운전 할 수 있게 많이 도와주길!','2025-04-23 14:04:10'),(183,35,'leeg****',9,'전반적으로 1.6T 라서 그런지 쑥쑥 나가는 느낌과 안락한 시트 등 대만족','2025-04-28 14:04:10'),(184,35,'citz****',8.83,'좋긴한데 시동건 후 운전하면 덜덜거림. 정차 후 출발시 반응이 좀느리긴함','2025-04-28 14:04:10'),(185,35,'moon****',10,'출퇴근용으로 적합합니다. 아주만족하며 타고 있어요 처음 탈때 왜 진작 바꾸지 않았나 생각이 들었었지요. 잘나가고 연비좋고 가성비 좋아요','2025-04-28 14:04:10'),(186,35,'duon****',9.5,'아반떼ad 9년타고 온거라 다른 비교군이 없어서 그런지 그냥 신세계입니다. 전반적으로 매우 만족합니다만, 도어쪽 잡소리때매 점수 살짝 깎았구요.. 아직 정속주행을 제대로 안해봐서 시내주행 연비는 9km정도 나오네요','2025-04-28 14:04:10'),(187,36,'dnfl****',6.17,'이쁜 쓰레기차 라는 평가에서 이쁘고 보통인차로 인식변경.솔직히 디자인이 최고장점인 차잖아용~ 상위트림 가지않는이상 에센셜은 핸들열선,hud,전동시트 없구요. 클래식 이상은 가야 탈만합니다. 물논 운전 잘하시는분은 어라운드뷰나 보조옵션 다필요없습니다. 어차피 차도 작잖아요~','2025-04-28 14:04:19'),(188,36,'teay****',7.67,'확좋아진 편의성과 편안해진 승차감 가벼워진 핸들은 여성 오너분들이 선택하기에 확실히 좋아진 면이 많나요','2025-04-28 14:04:20'),(189,36,'eu48****',9.5,'1인가구 3도어 아주 만족입니당♥︎ 금액이 조-금 비싸지만 풀옵션에 승차감도 정말 좋아요','2025-04-28 14:04:20'),(190,36,'jp_r****',8.5,'이제야 옵션다운 옵션들이 들어감,그리고 예쁜데, 너무 예쁨 자꾸 눈이감','2025-04-28 14:04:20'),(191,36,'favo****',9,'미니로서 뛰어난 성능이 좋고 그리고 너무 이쁘고 계기판도 편리하고 아주 만족해요','2025-04-28 14:04:20'),(192,37,'jb98****',7.67,'대체로 만족하지만 봄,가을 250정도타는데 한겨울 100키로 정도 주행가능함 배터리 20%유지하려면 60~80탄다고보면맞음. 지역은 강원 춘천시 입니다. 참고로 10개월 타는동안 무상수리 5번쯤갔다왔습니다','2025-04-28 14:04:28'),(193,37,'csh9****',10,'세컨카 시내용으로 너무 만족스럽고 다시 산다해도 레이ev 선택합니다4인가족 근거리 사용하기도 편하고 전비도 잘 나오고 가격대비 최고입니다','2025-04-28 14:04:28'),(194,37,'choi****',9,'전기차는 이번이 처음인데. 매우 매우 만족하며 타고 있습니다. 정숙성에 그리고 운전 피로도 훨씬 줄어들었고요. 가속력도 전혀 부족하지 않습니다.','2025-04-28 14:04:29'),(195,37,'ildo****',8.5,'디자인도 만족하며 타고 내리는데 불편이 없으며 도시형이라 대체적으로 만족하고 잘 타고 있습니다만 겨울철에 전압이 떨어지니 주행거리가 많이 짧아지고 고속충전이 안되는 것 빼고눈 모두좋습니다.','2025-04-28 14:04:29'),(196,37,'wkra****',10,'경차라서 어디에다 주차를 하던지 주차하기 편하고 아파트 주차장에 주차해도 남들도 좋아할만한 크기기에 문콕 염려도 덜함. 주행거리(9점주고 싶었으나 8점은 싫기에 10점으로 줌)는 겨울에 다소 짧다고 느껴질수있으나 겨울을 지나보니 탈만하다고 느껴지는 수준(하루평균 20키로 내외 주행시 겨울철 일수기준5-7일이면 충전해야함 겨울철빼고 여름에는 조금 더 탔던걸로 기억함.)','2025-04-28 14:04:29'),(197,37,'kkli****',8.33,'주행거리는 항상 발목을 잡습니다.하지만 경차에서 이 정도 주행성능을 보여주므로 만족합니다. 충전에 항상 신경쓰기만 하면 만족','2025-04-28 14:04:29'),(198,38,'jshb****',9.83,'차는 좋아요 근데 기아의 서비스가 문제죠 점검받으려면 몇달씩걸리는 큰 문제 다시는 기아 안산다에 1표','2025-04-26 14:04:39'),(199,38,'kohj****',8.67,'오르막에서 힘이 좀 부족한거 말고는 대체적으로 만족합니다.고속주행시는 연비는 리터당 19km이상 나오네요~','2025-04-28 14:04:39'),(200,38,'qr******',9.17,'세단만 타다 레이타니..방지턱만 좀 ... 와...이런 경험 처음임...많이불편함...다른건 다괜찬음','2025-04-28 14:04:39'),(201,38,'js68****',4.5,'이건 경차가 아닙니다. 60~80km 속도로 다니지 않는다면 연료에 대한 효율성은 기대하지 않는게 좋을 듯 합니다.차박이나 가볍고 부피큰 짐 옮기기는 좋아 보이나 그닥 안좋은 것 같습니다. 혼자서 출퇴근 휴일 주변 드라이빙 생각하고 샀지만 생각보다 너무나도 구린 연비에 실망을 하고 있습니다. 그냥 출퇴근용으로 생각해도 모닝이 더 좋을 듯 합니다.','2025-04-28 14:04:40'),(202,38,'gjki****',8.5,'고속주행은 약간 불안하지만 출퇴근 가까운거리 주행은 만족합니다 경차감면 혜택도 물론 만족합니다^^','2025-04-28 14:04:40'),(203,39,'psh2****',9.5,'가격빼면 전반적으로 만족합니다ㅎ 세단의 시트 편안함을 이길순없지만 그 외에 모두 만족','2025-04-26 14:04:50'),(204,39,'asag****',9.67,'하이브리드라 힘이 조금 부족하지만패밀리카로선 부족함이 없네요 연비 승차감 공간성 유지비 만족합니다','2025-04-26 14:04:50'),(205,39,'3535****',9,'전체적으로 괜찮지만 시트포지션과 시트 착좌감이 나랑 좀 괴리가 있음.........................','2025-04-28 14:04:50'),(206,39,'skra****',9.67,'연비 미쳤다 이 체급에 가능한건가?디자인 흠잡을곳 없다 국산차가 맞나?','2025-04-28 14:04:50'),(207,39,'hun7****',8.83,'디자인, 실내공간, 주행성능, 연비등등 모두 맘에들고 정말 가격만 빼면 흠잡을데가 거의없는 차... 제일 아쉬운건 25년식 페이스리프트 모델인데도 정전식 핸들이 아닌 토크감응형 핸들이라 살짝 불편하긴하네요','2025-04-28 14:04:51'),(208,39,'mrle****',8.83,'안정감과편안한승차감조용한승차로운전집중세련된디자인연비가좋고편리한운전으로실내쾌적함','2025-04-28 14:04:51'),(209,40,'whs1****',8,'디자인은 호불호 없이 좋고 승차감이나 공간도 만족할만해요. 가솔린이라 연비가 아쉽지만 전체적으로 만족스럽습니다','2025-04-28 14:04:59'),(210,40,'jkhu****',9.67,'승차감 및 전반적으로 매우 만족하며,연비는 가솔린이라 부담은 있으나, 이 또한 감수하며 최고라고 자부함','2025-04-28 14:04:59'),(211,40,'perr****',9.17,'전체적으로 좋습니다.하이브리드 고민했지만 가솔린연비 만족합니다. 잘나가고 예쁘고 풀업을 구매해서 가격은 좀 그렇지만 만족합니다.','2025-04-28 14:04:59'),(212,40,'hong****',8.67,'운행을 시작하고사소한 고장없이 엔진오일만 1만km 마다 교체해 주었슴 품질 95% 이상 아라고 추천함','2025-04-28 14:04:59'),(213,40,'hyuk****',8.67,'부드럽고 힘좋고 괜찮습니다.가솔린4륜이라서 연비는 기대안했습니다. 그런것치고 대충 9.8정도 나오니','2025-04-28 14:04:59'),(214,40,'infi****',9.67,'성능이야 뭐 2.5가솔린 터보 힘좋고 살짝 밟고있어도 그냥 쭉쭉 나가주네요 디자인 이쁘고 연비는 안습인거 알고샀지만 고속연비는 나름 괜찮아요 11.4까지 나오던데요 아주 만족해요','2025-04-28 14:05:00'),(215,41,'dnfl****',6.17,'이쁜 쓰레기차 라는 평가에서 이쁘고 보통인차로 인식변경.솔직히 디자인이 최고장점인 차잖아용~ 상위트림 가지않는이상 에센셜은 핸들열선,hud,전동시트 없구요. 클래식 이상은 가야 탈만합니다. 물논 운전 잘하시는분은 어라운드뷰나 보조옵션 다필요없습니다. 어차피 차도 작잖아요~','2025-04-28 14:05:08'),(216,41,'teay****',7.67,'확좋아진 편의성과 편안해진 승차감 가벼워진 핸들은 여성 오너분들이 선택하기에 확실히 좋아진 면이 많나요','2025-04-28 14:05:08'),(217,41,'eu48****',9.5,'1인가구 3도어 아주 만족입니당♥︎ 금액이 조-금 비싸지만 풀옵션에 승차감도 정말 좋아요','2025-04-28 14:05:08'),(218,41,'jp_r****',8.5,'이제야 옵션다운 옵션들이 들어감,그리고 예쁜데, 너무 예쁨 자꾸 눈이감','2025-04-28 14:05:08'),(219,41,'favo****',9,'미니로서 뛰어난 성능이 좋고 그리고 너무 이쁘고 계기판도 편리하고 아주 만족해요','2025-04-28 14:05:08'),(220,42,'bxba****',8,'너무좋아요 근데 연비가 엄청 나쁘고 실내가 좁아요 그것빼고는 다만족','2025-04-28 14:05:17'),(221,42,'hyuk****',8.17,'조그만 차 편하게편하게 막타기 딱 좋아요. 골프 가방이 크렁크에 안들어가는게 아쉽네요. 뒷좌석 폴딩이 되면 더 좋았을 텐데요.','2025-04-28 14:05:17'),(222,42,'foxy****',8.33,'앞자리 거주성 아주좋고 고급지고 다만 연비가 정말 너무너무 안좋음. 2.0짜리가 3.3자연흡기수준 연비임','2025-04-28 14:05:17'),(223,42,'rktl****',9,'.','2025-04-28 14:05:17'),(224,42,'lsjm****',9,'차량 연비가 제일 문제입니다. 시내 주행은 6미만 입니다. 뒷자리도 좁기는 한데 전차가 소형 차라서 아직은 괜찮네요. 차는 잘나가고 디자인도 이쁜편이고요... 내부 마감도 좋네요..','2025-04-28 14:05:17'),(225,43,'bxba****',8,'너무좋아요 근데 연비가 엄청 나쁘고 실내가 좁아요 그것빼고는 다만족','2025-04-28 14:05:27'),(226,43,'hyuk****',8.17,'조그만 차 편하게편하게 막타기 딱 좋아요. 골프 가방이 크렁크에 안들어가는게 아쉽네요. 뒷좌석 폴딩이 되면 더 좋았을 텐데요.','2025-04-28 14:05:28'),(227,43,'foxy****',8.33,'앞자리 거주성 아주좋고 고급지고 다만 연비가 정말 너무너무 안좋음. 2.0짜리가 3.3자연흡기수준 연비임','2025-04-28 14:05:28'),(228,43,'rktl****',9,'.','2025-04-28 14:05:28'),(229,43,'lsjm****',9,'차량 연비가 제일 문제입니다. 시내 주행은 6미만 입니다. 뒷자리도 좁기는 한데 전차가 소형 차라서 아직은 괜찮네요. 차는 잘나가고 디자인도 이쁜편이고요... 내부 마감도 좋네요..','2025-04-28 14:05:28'),(230,44,'sang****',9.33,'좋아요잘나가고연비좋고승차감좋고잔고장도없고 부족함이없는것 같네요 잘타고다니것유','2025-04-22 14:05:44'),(231,44,'tjdx****',10,'누군가 그돈씨라고 하면 내돈씨라고 당당히 말할 수 있는 차. 디자인보고 혹해서 시승하고 그 날 바로 계약했음. 주행질감과 승차감은 보급형 suv 중에는 비교 대상 조차 없음 괜히 옵션만 가지고 까는게 아님','2025-04-22 14:05:45'),(232,44,'sukj****',7.33,'고민을 하다가 콜레오스에서 CR V 로 시승후 바로 마음을 바꿨습니다. 시승시 만족도가 상당히 좋았고 지금 약 1천 타고 있는 시점에서 전반적으로 잔고장 없이 만족하는 수준입니다. 4인가족 기준 적당한 공간과 주행감 , 연비는 최고 인거 같습니다. 더 타봐야 알겠지만 내부 디자인을 제외하고는 아주 적당한 수준의 SUV 인거 같습니다!','2025-04-28 14:05:45'),(233,44,'hea9****',10,'토요타, BMW, 벤츠 등 많은 차종을 운전해 보았지만 현재까지 가격대비 가성비 훌륭하다고 생각합니다.','2025-04-28 14:05:45'),(234,44,'2303****',9.5,'전체적으로 무안하고 연비 잘 나오고 디자인 괜찮고 현대 기아차 보단 좋다.','2025-04-28 14:05:45'),(235,44,'ksc2****',9.67,'가격이 스펙에 비해 높은 것을 제외하면 만족합니다. 주행성능과 주행질감은 동급 최고 수준이고 실내 거주성과 시트도 매우 우수한 착좌감을 제공합니다. 몇가지 흔한 옵션이 빠진게 이해가 안되지만 감안하고 탈만합니다.','2025-04-28 14:05:45'),(236,45,'tmdg****',9,'다른 경차대비 폭이 좁은점을 제외하면 단점을 찾기 어려운차인듯합니다. 품질면에서 하부소음문제는 많이 아쉽네요. As후 소리 안나고 잘 타고있습니다.','2025-04-23 14:05:54'),(237,45,'love****',9.67,'너무너무너무 좋아요 캐스퍼 일렉트릭이 최고의 차량이라고 생각합니다!!!!','2025-04-28 14:05:54'),(238,45,'craz****',8,'이 가격에서 많은 것을 바라지는 않습니다 방음 잘 안 되고 소음도 발생하는데 윤활작업해주면 될 것 같습니다차 잘 나가고 아주 만족 합니다 대리기사님들이 타시면 차 아주 잘나간다고 물어봐주십니다 기존에 K7 운전 하였는데 주차에 대한 부담이 획기적으로 줄어들었습니다 다만 불만인 부분은 주위 차량 운전자들이 무리한 끼어들기 비율이 증가하였습니다 이는 차체가 작기에 공간이 남아보여서 들어오는 듯 합니다 오히려 주행시 주변에 대한 긴장은 K7이 더 편하고 캐스퍼는 숙련자가 운영해야할 듯해 보입니다','2025-04-28 14:05:54'),(239,45,'hukd****',10,'실제로 몰아보면 아반떼~소나타 사이정도 되는거 같네요20년간 타본 차 중에 만족도가 최고입니다','2025-04-28 14:05:55'),(240,46,'s307****',9.33,'이차 급에 이가격대에 공간이나 디자인 다 만족합니다. 연비가 조금 안좋은거 말고는 딱히 다른차보다 물리버튼이 없어 불편하다느니 가속이 굼뜬다 하는 문제는 전혀 모르겠네요','2025-04-28 14:06:04'),(241,46,'cgw4****',9.17,'외/내부 디자인 넘 만족합니다!!!^^엔진이 터보라 해도1.5cc다보니 초반 스타트 치고나가는 힘과 파워트레인의 부족은 어쩔수 없는 것이겠지요..^^','2025-04-28 14:06:04'),(242,46,'paci****',6.33,'연비가 형편없고 주행성능도 평범합니다 디자인측면은 높게 평가하구요 터치스크린 미작동도 발생','2025-04-28 14:06:04'),(243,46,'devi****',8.17,'디자인 좋고 가성비도 좋아요~~ 나름 다 만족합니다.여기 평 남긴 다른 분들은 다 괜찮은지 몰겟지만.. 계기판 꺼짐, 멈춤, 방향지시등, 비상깜박이 등등 오작동으로 인해 정비소 한번 다녀오고 나머지는 시동끄고 좀이따가 시동켜면 원상태도 돌아와서 그냥 참고잇네요. 이런 결함이 제차에만 있는건지..정비소에서도 새차라서 어쩔수없다는 반응뿐이라..ㅠ 그건 좀 속상하네요 ㅠ 그거빼곤 다 괜찮습니다.','2025-04-28 14:06:04'),(244,47,'says****',9.67,'2인가구라서 레이를 타다가 소중한 아이가 생겨 이 차를 사게 되었습니다. 비록 저는 옵션을 많이 넣어 5천만원이 넘는 조금 비싼차가 되었지만 연비도 너무 좋고 실내 정숙함도 너무 좋네요','2025-04-27 14:06:13'),(245,47,'hanl****',9.17,'생각보다 잘 만들어진 차이고디자인도 세간의 평가보다는 중후함이 있어 좋음','2025-04-27 14:06:13'),(246,47,'rnjs****',10,'차값이 비싸다고 생각했지만 이후 나오는 차들도 물가상승률에 의해 과거 차값을 생각하면 안된다는 걸 명심.디자인도 각진게 극호라 마음에 들고 연비도 주행상황에 따라 한겨울 빼고는 공인연비는 우습고 18이상은 기본으로 나옴. 내부디자인 내부 수납공간은 비교할대상이 없을 정도임. 힘딸린다고들 많이 하는데 도대체 얼마나 씨게들 달리시길래 그런건지,, 이해가 잘 안됨. 아주 만족중임.','2025-04-24 14:06:13'),(247,47,'yuni****',10,'하이브리드 연비 굳싼타페 트렁크 및 실내공간 매우 넓음 대만족 오래동안 탈 수 있음','2025-04-28 14:06:13'),(248,47,'yuyo****',6.17,'공간 좋고 무난함 그냥 저냥 패밀리카 근대 가격이…ㅠ연비도 크기대비 무난함 안나오는건지 잘나오는거지 학씨','2025-04-28 14:06:14'),(249,47,'msfd****',9.67,'이 크기에 이연비 만족합니다~~~마음에 들어요 지인들에게도 추천합니다~~~','2025-04-28 14:06:14'),(250,48,'kure****',8,'시내주행 연비가 안좋으며 저속꿀렁임, rpm이 갑자기 오르는 문제 등이 있으나 차는 잘나가고 편안함','2025-04-26 14:06:24'),(251,48,'elda****',8.83,'잘나갑니다 조용하고 캠핑 갈땐 넓어서 더 좋아요 누적연비는 17000정도 달린 현재 9.8 나와서 나름 만족함','2025-04-28 14:06:24'),(252,48,'tkdg****',8,'전반적으로 만족하면서 타고 있어요! 공간감이 아주 좋아요!연비는 가솔린 2.5라 그런지 그리 좋은 편은 아니지만 출력이 부족한 것보다는 나은 것 같아요.','2025-04-28 14:06:25'),(253,48,'yshs****',8.83,'매우 만족. 주행성능_변속 죽여줌, 쭉쭉 잘 뻗음, 공간_ 쾌적하고 넓음 죽는 공간이 없움, 디자인_ 네모네모 네모네모, 편의성_ 안전, 편의, 디테일','2025-04-28 14:06:25'),(254,48,'apro****',9,'가솔린 연비가 헉소리 나기는 하지만 캘리그라피 블랙잉크 너무 예쁘고 주행감 좋습니다.','2025-04-28 14:06:25'),(255,49,'icen****',9.5,'혼자 탈 차라 60보단 40이 더 작고 예뻐서 선택 했습니다방지턱넘을때 (감속->가속 넘어갈때) 약간 꿀렁거림은 있습니다만, 그것 제외 생각보다 주행감이 좋습니다. 인테리어때문에 GV70에 넘어갈뻔도 했지만 아웃테리어가 넘사벽 디자인원탑이라 너무너무 만족합니다. 사실... 그어떤 단점이 있어도 디자인원탑이라... 다 용서돼요ㅋㅋㅋㅋ 4륜이라 이번 눈 많이 왔을때 덕 톡톡히 봤네요 안전성은 말할것도 없고, 음질도 괜찮고, 힘도 좋고, 예쁘고, 예쁘고, 예쁘고.. 너무 만족합니다 다음차도 볼보로 바꿀 의향 1000%입니다.','2025-04-28 14:06:35'),(256,49,'jsjh****',10,'좋아요 편안해요 굿굿긋ㅎㅎㅎ 안전함의 대명사 볼보xc40입니다 편안하고','2025-04-28 14:06:35'),(257,49,'yuyu****',9.33,'디자인때문에 선택했지만 탈수록 더 마음에 들어요고급유라서 처음 많이 부담이 되었지만 직접 타보니 살살타는 안전주의 성향을 가진 저로썬 생각한것보다는 연비 괜찮아요^^ 일단 차가 안전성이 확보된 느낌이라 운전하면서도 안심이 되요!','2025-04-28 14:06:35'),(258,49,'wolf****',7.83,'차를 생활용품이라고 생각하는 솔로 또는 커플이 살 수 있는 가장 적합한 고급차. 이 차 이상은 사치 또는 취미. 이 차 이하는 취향 또는 가성비.','2025-04-28 14:06:35'),(259,49,'ygh1****',7.5,'뽑기가 중요합니다전 진짜 최악인지 사이드브레이크 잠겨 화며안나와 거북이등까지...','2025-04-28 14:06:35'),(260,49,'rlat****',8.5,'스마트해서 좋아요!!!!!! 너무 마음에들어요 !!!!!!!!!!!!!!!!','2025-04-28 14:06:35'),(261,50,'didh****',9.67,'매우만족스럽다. 조용하고 내부도 예쁘고전기차 저렴하고 늦게와도 주차장 널널하고 외부도 깨끗하다','2025-04-25 14:06:50'),(262,50,'ckwj****',9,'메인 출퇴근 전기차 타이칸 4s 타고 있었습니다. 저는 센터 터널에 무릎대고 운전하는데 EV3는 센터 터널 부재로(컵홀더 위치도 좀...) 운전습관이랑 안맞아 다른 전기차 찾다가 니로EV로 바꿨습니다. 주행질감은 포르쉐에 비하면 많이 떨어지지만 승차감이 좋네요. 가격차이가 있으니 당연하지만 이 가격에 주행질감은 괜찮은 것 같아요. 고속80 시내20 고속도로 위주라 전비가 안나올까 걱정 했지만 전비 7 위아래로 잘 나오네요 ㅎ 현기 iccu 걱정 안 해도 되고 잡소리도 없고 크기도 적당하고 아주 만족합니다','2025-04-28 14:06:51'),(263,50,'8907****',7.33,'국내차중에 iccu문제가 덜 한 차중 하나인게 제일 큰 메리트라고 생각함전기차전용플랫폼이 아니라 구조가 약함','2025-04-28 14:06:51'),(264,50,'chmu****',8.5,'차랑 문듬이 넓어서 바람소리가 많이나고 바람도 새어 들어옵니다. 비오면 문틈새에 비가 들어왔는지 얼룩이 있어요~ 문틈이 넓고 바람이 느껴져서 아늑한 느낌은 좀 떨어지지만 가성비는 좋아요','2025-04-28 14:06:51'),(265,50,'ith8****',10,'소형 SUV 디자인 경제성 두루두루 갖춘 효율성 높은 차량 아주 만족합니다 아직까진','2025-04-28 14:06:51'),(266,51,'the_****',9.83,'자잘하게 아쉬운 점들이 있지만 그 모든걸 커버할만큼 좋은 주행성능, 승차감, 가성비','2025-04-25 14:07:00'),(267,51,'kngr****',8.83,'하체 동력 성능은 타사대비 매우 우수내부 편의성 등은 그럭저럭','2025-04-25 14:07:00'),(268,51,'bob9****',10,'가격대비 연비도 좋고 디자인도 맘에 들어요 패밀리카로 적당하고 출퇴근용으로도 좋아요','2025-04-24 14:07:00'),(269,51,'nfor****',10,'가격대비 아주 훌륭한 차입니다. 동급 비교했을때 월등히 장점이 많은 아이네요','2025-04-23 14:07:00'),(270,51,'ham8****',10,'아주 만족스러운 차에요ㅎㅎ구매한게 너무 만족스럽네요^^~','2025-04-23 14:07:00'),(271,51,'kys7****',9.5,'기본기가 탄탄하고 연비가 좋습니다. 소프트웨어 부분은 업데이트가 늦고 디테일한 부분이 미흡합니다.','2025-04-28 14:07:00'),(272,52,'wnsg****',9.17,'흠잡을곳이 없네요. 전에차가 k3 여서 그런가 너무좋아요.흠 굳이 흠잡으라고 하신다면 선루프정도?','2025-04-26 14:07:10'),(273,52,'lsw5****',8,'다른부분은 다 만족하나 사륜이라 그런지 연비는 안좋음 출퇴근 시내 주행만 할시 연비 7km정도 나오는듯함 주말 시외 주행하면 9키로 후반에서 10키로 초반 나옴','2025-04-28 14:07:10'),(274,52,'jong****',9.33,'2일동안 80km정도 출퇴근아였는데 정숙성도있고 만족할만한 선택 입니다','2025-04-28 14:07:10'),(275,52,'love****',9.33,'차량 인도 전 검수시 특이 한점 미 발견주행시 실내 조용 약간의 미세한 떨림 (주행후 조용) 가솔린 연비 및 주행감 핸들링 굿','2025-04-28 14:07:11'),(276,52,'gusu****',9,'승차감이나주행성능디자인은조은데바닥소음은아십슴니다개선이피료한같아요 뭐 차가격에비교하면만족하고4륜이다보니연비는좀아쉽지만 만족하고잘타고잇슴니다','2025-04-28 14:07:11'),(277,52,'ther****',9,'주행질감은 너무 좋으나 실내 잡소리가 심합니다.빠른 개선이 필요합니다.','2025-04-28 14:07:11'),(278,53,'bbag****',9.5,'다 좋음..근데 옆라인이 죽인다. 아직아어ㅗ뉴노나너ㅓㅠ유어어어유튜ㅠ더어터ㅓ처','2025-04-25 14:07:20'),(279,53,'sadc****',7.67,'너무 자주 엔진 개입이 되는것 같음...디자인 좋고 전반적으로 만족합니다. 가격은 500정도 내리면 적당하다 생각됨','2025-04-28 14:07:20'),(280,53,'phs3****',9.5,'K8 HEV 시그니처 풀옵. 차 넓직하고 승차감 편안함. K8 페리버전 디자인 볼때마다 멋짐. 도로에서 흔하지 않은 차량이라 더 이쁜듯. 특히 옆라인 뒷라인 최고임. 준대형세단인데 연비가 보통 15~20 나옴. 기아차도 가격 많이 올라서 아쉽긴 하지만 물가 올랐으니 인정해야할 부분 인것같음. 그렇다고 앞으로 차값이 드라마틱하게 내려갈거 같진 않으니. 전체적으로 출고 1달차 만족중입니다.','2025-04-28 14:07:20'),(281,53,'kdws****',9.5,'그랜저 K8 고민을 많이했었는데 후회가없네요 스포티한 디자인으로 젊은 층을 노린거같아요~ 중후한 느낌에 날렵한 디자인에서 나오는 20대들 타겟팅','2025-04-28 14:07:20'),(282,53,'newg****',9.5,'가격이 과하게 비싼걸 빼면흠잡을데 없이 좋은차입니다. 기존에 타던차가 수입하였는데, 만족도는 비슷합니다. 패밀리카로 손색없다 생각합니다.','2025-04-28 14:07:20'),(283,54,'skyp****',9.17,'주행질감 거주성은 만족합니다 가격적인 면에서 조금 부족하구요대체적으로 만족해요','2025-04-25 14:07:30'),(284,54,'anyn****',9.67,'승차감 좋고 편의기능 좋고 디자인 좋고 다 좋아요 연비도 고속주행시 15이상 나오고, 시내주행은9정도 나오는거같습니다. 실내 진짜 넓구요 트렁크 공간도 충분히 넓습니다. 고민하시는 분들 충분히 추천할만한 차량인거같아요.','2025-04-28 14:07:30'),(285,54,'gngn****',2.17,'흠.....................................비추','2025-04-28 14:07:30'),(286,54,'hyun****',9.33,'Qm6 타다가 넘어왔는데 연비는 현재 만족중고속 10나오고 출퇴근도 8~9 나오는 중 키 180인데 앉으면 머리 위 공간 부족','2025-04-28 14:07:30'),(287,54,'bhk8****',7.5,'더뉴 그래저 운행하다가 K8로 3,5시그니처 풀옵4Wd 1000키로 운행한결과 솔직히 말하자면 연비는 그다지~방지턱이나 약간 울퉁불퉁 도로를 지나다보면 3,5치고는 승차감이 100점 만점에 65점 정도로 보입니다 두가지 배고는 그다지 불편한건 아직 모르겠습니다','2025-04-28 14:07:30'),(288,55,'mir5****',9.33,'동급 가격 가성비 좋고, 주행성능 좋고, 디자인도 맘에 들고, 다만 내비게이션 활용성, 다양성이 너무 떨어 집니다.','2025-04-22 14:07:38'),(289,55,'hann****',7.83,'연비가 안좋은편임 대체로 만족합니다 사륜구동 제대로 작동하는지 모니터링이 쉬워졌으면 합니다','2025-04-28 14:07:38'),(290,55,'suo7****',7.67,'디자인 좋고 구입전 차가 워낙 구형이라( 2005년식) 이번차에는 신기술(?) 들이 많이 들어가서 기능에도 만족 합니다만 연비가 예상보다 많이 들어갑니다. 그리고 구형 차에 비해서 전기 계통 기능이 많아서 그런지는 몰라도 며칠만 운전 안하면 배터리가 정상에서 보통으로 (주황색 글씨로) 변하는게 신경 쓰이는데, 그래서 퇴근시에는 블랙박스 전원을 빼고 주차합니다. 평소에는 출퇴근 하고 휴일에 패밀리카로 사용중인데 연비 말고는 대체로 만족 합니다.','2025-04-28 14:07:38'),(291,55,'cheq****',9.67,'가성비차로 가족차로 SUV로 트렁크 여유공간이 넓습니다. 운전석이랑 뒷자석이 조금 작은 느낌은 있지만 제가 키가 커서 그렇지만 170정도 밑이면 충분히 좁다는 느낌은 없어보입니다.','2025-04-28 14:07:38'),(292,55,'sjli****',9.83,'사회초년생이 가볍게 첫차로 타보기 좋은차!비슷한 다른 급 차랑 비교해도 전혀 꿇리지 않는 스펙! 다만 하이브리드가 빨리 나왔으면…','2025-04-28 14:07:38'),(293,55,'shin****',9,'전반적인 주행감이나 출력 만족합니다.옵션 넣다보면 소형SUV치고 가격대가 만만찮아요','2025-04-28 14:07:38'),(294,56,'dnfl****',6.17,'이쁜 쓰레기차 라는 평가에서 이쁘고 보통인차로 인식변경.솔직히 디자인이 최고장점인 차잖아용~ 상위트림 가지않는이상 에센셜은 핸들열선,hud,전동시트 없구요. 클래식 이상은 가야 탈만합니다. 물논 운전 잘하시는분은 어라운드뷰나 보조옵션 다필요없습니다. 어차피 차도 작잖아요~','2025-04-28 14:07:53'),(295,56,'teay****',7.67,'확좋아진 편의성과 편안해진 승차감 가벼워진 핸들은 여성 오너분들이 선택하기에 확실히 좋아진 면이 많나요','2025-04-28 14:07:53'),(296,56,'eu48****',9.5,'1인가구 3도어 아주 만족입니당♥︎ 금액이 조-금 비싸지만 풀옵션에 승차감도 정말 좋아요','2025-04-28 14:07:53'),(297,56,'jp_r****',8.5,'이제야 옵션다운 옵션들이 들어감,그리고 예쁜데, 너무 예쁨 자꾸 눈이감','2025-04-28 14:07:53'),(298,56,'favo****',9,'미니로서 뛰어난 성능이 좋고 그리고 너무 이쁘고 계기판도 편리하고 아주 만족해요','2025-04-28 14:07:53'),(299,57,'tjrd****',9.83,'벤츠니까 일단 디자인 이미지 승차감 나쁘지 않습니다. 그래도 비엠이랑 제네시스랑 비교해보고 고르세요!','2025-04-28 14:08:03'),(300,57,'ixus****',9,'동네 마실용으로 경차보다 오히려 좋은거 같아요좋아요 조하아어ㅓ아아아ㅏ아아ㅏㅇ','2025-04-28 14:08:03'),(301,57,'fs_8****',9,'DCT 꿀렁임 나는 즐기는 편이라 좋음.연비 집-사무실 10KM 정도 힌번 만땅 주유시 2주 탐 경기에서 경남갈때 어댑티드 없어서 좀 불편 쿨링시트 넣어서 개꿀 그런데 운전석 시트 끝부분 크랙가서 짜증이 좀 납디다.','2025-04-28 14:08:03'),(302,57,'bbos****',7.83,'최고의 펀카 연비도 보험금도 이정도면 무난하게 탈수있다차가격 빼고는 깔게읎다','2025-04-28 14:08:03'),(303,57,'joko****',9.33,'Mercedes-AMG A 35 4MATIC 희소성 있는 자동차 입니다.','2025-04-28 14:08:03'),(304,57,'j222****',7.83,'연비빼곤 만족합니다.ㅋㅋㅋㅋㅋㅋㅋㅋㅋㅋㅋㅋㅋㅋㅋㅋㅋㅋㅋㅋㅋㅋㅋㅋㅋㅋㅋㅋㅋㅋㅋㅋㅋㅋㅋㅋㅋㅋㅋ','2025-04-28 14:08:04'),(305,58,'tjrd****',9.83,'벤츠니까 일단 디자인 이미지 승차감 나쁘지 않습니다. 그래도 비엠이랑 제네시스랑 비교해보고 고르세요!','2025-04-28 14:08:13'),(306,58,'ixus****',9,'동네 마실용으로 경차보다 오히려 좋은거 같아요좋아요 조하아어ㅓ아아아ㅏ아아ㅏㅇ','2025-04-28 14:08:13'),(307,58,'fs_8****',9,'DCT 꿀렁임 나는 즐기는 편이라 좋음.연비 집-사무실 10KM 정도 힌번 만땅 주유시 2주 탐 경기에서 경남갈때 어댑티드 없어서 좀 불편 쿨링시트 넣어서 개꿀 그런데 운전석 시트 끝부분 크랙가서 짜증이 좀 납디다.','2025-04-28 14:08:13'),(308,58,'bbos****',7.83,'최고의 펀카 연비도 보험금도 이정도면 무난하게 탈수있다차가격 빼고는 깔게읎다','2025-04-28 14:08:13'),(309,58,'joko****',9.33,'Mercedes-AMG A 35 4MATIC 희소성 있는 자동차 입니다.','2025-04-28 14:08:13'),(310,58,'j222****',7.83,'연비빼곤 만족합니다.ㅋㅋㅋㅋㅋㅋㅋㅋㅋㅋㅋㅋㅋㅋㅋㅋㅋㅋㅋㅋㅋㅋㅋㅋㅋㅋㅋㅋㅋㅋㅋㅋㅋㅋㅋㅋㅋㅋㅋ','2025-04-28 14:08:13'),(311,59,'cola****',9.33,'차가 넘 예쁘고 귀여워서 볼 때마다 기분이 좋아요. 내부 패브릭 부분은 익숙해지는데 시간이 걸렸지만 보다보니 적응되었어요. 잘 달리고 잘 서는 좋은 차입니다. 아직까진 크게 불편한건 없었고 방향지시등만 헤드업디스플레이에 같이 표시되도록 하면 좋을거 같아요. 차 크기도 작지 않으면서도 딱 운전하기 좋은 크기입니다.','2025-04-28 14:08:28'),(312,59,'akin****',9.83,'디자인, 성능 어느 하나 빠지는 거 없이 만족스럽게 잘 타고 있습니다. 삼성 올레드 디스플레이 맘에 들고요. 무엇보다 운전하는 재미가 있습니다. 핸들링과 정확한 반응이 가장 맘에 들어요. 그리고 차박은 어려울 것 같아요.','2025-04-28 14:08:28'),(313,59,'crim****',9.67,'디자인때문에 구입한 차. 하지만, 성능도 대박. BMW X1 동급 차량. 아주 좋아요.','2025-04-28 14:08:28'),(314,59,'wel6****',8.83,'풀체인지 미니컨트리맨jcw드라이빙 퍼포먼스 최고 사이즈가 커져서 공간감 만족합니다 실내 너무 맘에 듭니다','2025-04-28 14:08:29'),(315,60,'dy10****',8,'페이스리프트전 마지막 25년식 차주입니다.디자인은 앞면은 역시 불호입니다 후면 아래 방향지시등도요. 하지만 실내가 만족스러워서 선택하게되었습니다 품질은 그랜저 네이밍 답게 좋습니다만족합니다 연비는 이 차급 크기대비 만족스럽습니다 가격도 많이 오르긴했으나 페이스리프트 되면 더 오를것이고 5미터 넘는 전장의 크기와 하이브리드 성능으로 다른 대안도 없습니다 k8은 생각도 안했습니다 주행성능은 아쉽습니다 저속일땐 충분하나 언덕을 오를때나 100키로 이상 밟을때 1.6은 차급대비 좀 딸린다는 느낌이 들었습니다','2025-04-26 14:08:37'),(316,60,'cpfl****',9.67,'재구매 의사가 있나요? 질문에 Yes 입니다. 수입차 생각 안납니다. 그만큼 국산차 성능과 디자인 수준이 많이 올라왔네요.','2025-04-28 14:08:37'),(317,60,'suwo****',7.33,'가격이가격인지라 가성비란 말은 못쓰겠고.. 내부 인테리어나 공간감은 확실히 좋음','2025-04-28 14:08:37'),(318,60,'nghy****',9.33,'모든게 만족스럽다.....특히 준대형 치고 상당한 연비를 보여주며 주행시 너무 편안하고 안정감이 느껴진다....하이브리드라고 딱히 힘이 딸린다는 느낌을 받지는 못했음....다만 차량 가격은 좀 아쉽다','2025-04-28 14:08:37'),(319,60,'whas****',9.33,'디자인, 편의성, 연비가 좋아 다단히 만족합니다 차량이 크기 때문에 RR Door 열고 닫을때 조심스럽다.','2025-04-28 14:08:37'),(320,60,'lisi****',9.67,'풀옵하니 가격이 좀 쎈듯 하지만 오히려 가성비 좋은 느낌으로 만족합니다.','2025-04-28 14:08:37'),(321,61,'hoon****',8.83,'20대후반 내생에 첫 차 어린나이에 g80 가는건 너무 돈낭비인거 같아서 가격 5000 그랜저로 끊었습니다 캘리그라피 +프리뷰 20인치 마차휠까지 넣음 시내주행은 물렁 승차감 좋고 고속도로 올라가면 스포츠모드서스펜션 으로 바꾸면 안전감 있음 2.5도 출력 충분함 190까지 쉽게 올라감 개인적인 취향이지만 디자인 너무 마음에 듭니다 외장 블랙 특히 20인치 마차휠 꼭 캘리그라피 등급 하세요 큰 차를 좋아하는데 이정도 가격에 이정도 공간감인 차 없어요','2025-04-25 14:08:46'),(322,61,'kjm0****',9.83,'2.5 기준 시내 말고 고속화 도로 타면 연비 13은 뽑음 캘리그래피 기준 실내는 외제차에 비해 고급스럽고 좋음5천만원대 이급은 대안이 없는듯 실내 소재는 완벽 전자제어 서스는 꼭 추천 셋팅 자체가 소프트해서 코너 많은 구간에서는 롤링 발생 전자제어 서스 넣으면 스포츠 모드로 바꾸면 서스펜션 셋팅 딱딱해짐 나름 안정감 있어짐','2025-04-28 14:08:46'),(323,61,'yhee****',7.5,'Lpg는확실히연비가나쁘고 가끔차량부조증상이있네요부조증상은개선이반드시필요함','2025-04-28 14:08:46'),(324,61,'jaye****',10,'전체적으로 너무 좋아요소음도 많이 잡아주는편이고 운전할때 고속일경우 떨림도 없고 스티어링도 좋아요. 기어도 맘에 들고 전체적으로 모두 좋습니다.','2025-04-28 14:08:47'),(325,61,'leeu****',10,'시트포지션 빼고 전부매우만족. 괜히 그런져가 아님...가성비의 대형세단을 맛보고싶으면 딱임','2025-04-28 14:08:47'),(326,61,'71wl****',10,'6기통에 차량 넓고 패밀리카로는 최적화 되어있음기름값 걱정하고 세금 걱정이신 분들은 비추 최소 여유자금을 들고 있거나 최소 연봉 7000정도 이신 분들에게 추천드려요.^^','2025-04-28 14:08:47'),(327,62,'yicj****',8.33,'세컨카로는 좋음, 주차 및 주행시, 시내주행은 좋으나 언덕을 오를때 탄력받지 않으면 오르막길에서 약간 힘이 띨림','2025-04-28 14:08:56'),(328,62,'kiss****',10,'모닝이 디자인도 이쁘고 겉모습 안 내부까지 정말 괜찮아요경차로선 완전 잘 나온거 같아요','2025-04-28 14:08:56'),(329,62,'zoqx****',8.5,'그냥 경차로서 여러가지 혜택과 골목이곳저곳 좁은길이라도 못들어가는곳이 없고 주차도 넘쉽고 걍편함','2025-04-28 14:08:56'),(330,62,'1231****',7.67,'다 좋은데 고속도로에서 옆차선으로 이동할때라든지 멈췄다가 출발할때 엑셀을 밟아도 부우웅 소리만 요란할 뿐 차가 빨리 앞으로 치고 나가지 못합니다ㅠㅜ밤에 볼 때는 차 조명 예뻐요','2025-04-28 14:08:56'),(331,62,'seoy****',6.5,'경차 이기에 품질을 논할차는 아닌것같고 디자인은 좋다고 생각합니다. 연비는 두말할것없고 동네마실용으론 딱입니다.','2025-04-28 14:08:57'),(332,63,'angs****',8.5,'다른건 다 만족하나, 연료통이 작아서 주에 5만원 한번씩 넣는게 너무 귀찮음. 그렇다고 풀로 넣으면 차가 무거운게 느껴지고...','2025-04-28 14:09:12'),(333,63,'y640****',8.67,'디자인 최고!가격 나쁘지 않다! 연비는 보통! 시내 반 시외 반 기준 11~15 사이 아쉬운 기름통 사이즈 차량 내부 공간은 충분 승차감은 좋게 표현하면 탄탄 나쁘게 표현하면 투박','2025-04-28 14:09:12'),(334,63,'kyc7****',7.33,'코란도스포츠 탈때도 그랬지만 서비스가 개판임... 차나온지 한달도안되서 루프랙커버 없어져서 센터 왔더니 사서끼우라고 합니다건들지도 않은것이 사라졌는데... 영업사원이 싸인하고 인수했으면 그런건 서비스안된다고 합니다 ㅋㅋ 부품 주문하고 갑니다 1430원짜리','2025-04-28 14:09:12'),(335,63,'bear****',8.67,'아직은 더 타봐야할거 같은데 차는좋은거 같은데 연비가 좀 마음에 안 들기는해요','2025-04-28 14:09:12'),(336,63,'rain****',8.83,'좋아요 아주 좋아요 아주 연비가 조금 아쉽지만다자인부터 내부인테리어까지 마음에 들어요','2025-04-28 14:09:12'),(337,64,'df56****',9,'중고차 타가가 이번에 새차로 뽑았는데 안정감이 느껴지고 주행도 부드럽게 느껴지고 무엇보다 디자인이 너무 예뻐요!','2025-04-28 14:09:22'),(338,64,'polo****',9.33,'새차 플옵 뽑은지 8개월차 상당히 만족하며 잘 타고있습니다 다만 현기 네비 때서 붙이고 싶네요 핸드폰 네비는 gps 기반이라 불편할때가 종종 발생하네요 그거 말고는 베리 나이스~~^^','2025-04-28 14:09:22'),(339,64,'taen****',9.67,'흔하지않아서 좋아요~ 그렇다고 너무튀지도않아서 더 좋습니다. 독보적인 디자인에 보는사람마다 차 예쁘다고 해요. 뒷좌석젖혀서 에어매트 깔아놓고 다니는데, 차에서 누구 기다리거나 할때 거기 누워있으면 세상편해요ㅋㅋ 동급대비 신차가격은 좀 비쌉니다.','2025-04-28 14:09:22'),(340,64,'mool****',8,'디자인 이쁨. 다 좋은데.. 조금은 아쉬운? 그래도 국산차보단 좋음^^','2025-04-28 14:09:22'),(341,65,'y526****',9.67,'주행기본기에 충실한 차인거 같습니다.급출발, 급가속을 원하는 분에게는 적합하지 않고 느긋하게 운전하는 타입에는 최고인거 같습니다.','2025-04-28 14:09:37'),(342,65,'nppl****',8.17,'노면에 따라 소음이 많이 큽니다.핸들이 무겁습니다. 밴인데 생각보다 많이 싣지도 못하고, 쓰임새도 다양하지 못합니다.','2025-04-28 14:09:37'),(343,65,'ninj****',8.5,'갓성비 3천5백으로 누릴수있는 거주성 승차감 고속주행시 연비 lpe 가득주유시 5만원미만 엄지척입니다👍','2025-04-28 14:09:37'),(344,65,'wlal****',10,'전체적으로 만족하고 Lpi SUV중에선 솔직히 스포티지보다좋다고 생각합니다.','2025-04-28 14:09:37'),(345,65,'jji6****',7.17,'qm6 lpg 6000km 겨울이라 평균연비10.1km 유지비 가솔린경차와 비슷 승차감 가솔린 중형이라 비슷 파워 안좋음 가격, 품질 만족','2025-04-28 14:09:37'),(346,65,'andy****',8.33,'전반적으로 만족하고 연비는 lpg경우 도심연비가 8정도나오고 고속도로는 10이상 나옵니다','2025-04-28 14:09:37'),(347,66,'rkdr****',9.5,'사회초년생들에게 최고의 가성비 차. 신차로는 비추 그러니 무조건 중고로 구매','2025-04-24 14:10:16'),(348,66,'soon****',9.83,'모든면에서 만족하고, 리콜후 좀더 주행/제동 성능이 좋아진 느낌.연비도 좋습니다.','2025-04-24 14:10:16'),(349,66,'bang****',9.33,'내부 인테리어가 고급스럽지 않고 한국인이 선호하는 옵션이 좀 빠진것이 아쉽지만3기통 이라고 생각만큼 출력이 부족하다는 생각이 들지 않고, 생각보다 소음/진동이 적음','2025-04-23 14:10:16'),(350,66,'a111****',9.33,'레드라인 5개월 굴려본 느낌은 장점은 주행질감 회사차 셀토스와 비교하자면 훨신 좋고 무게감 있고 안정적임 , 셀토스는 날린다고 할까 안정감이 많이 떨어짐, 그리고 브레이크 응답력이 우수하고 코너링시 차체가 잘잡아줘서 안정적임, 내부 공간도 소형치곤 아주 넓음 . 단점은 딱하나 있음 연비가 안좋음! 쉐보레 종특인데 연비가 시내에선 아주 사악함 두자리수 안나옴, 고속, 국도 주행시에는 15이상 나옴결론 : 가성비 를 따지는 분이라면 강추함 !!','2025-04-28 14:10:16'),(351,66,'kgud****',9.5,'다소 연비가 아쉽긴하지만 다른건 전부 만족스러워요~^^ 특히 디자인과 내부 크기 넓어서 좋아요','2025-04-28 14:10:16'),(352,66,'eett****',9.33,'천정이 좀 낮은 편이지만, 전체적으로 만족합니다.리콜이 3건이라... 불편한 점이 있네요. 바쁜 시간에 멀리 정비소 찾아가야 하는 불편함이..','2025-04-28 14:10:16'),(353,67,'smil****',8.33,'전체적으로 만족해요모자랄거없이 적당히 충분한차라생각해요 만족합니다....','2025-04-28 14:10:25'),(354,67,'kimm****',9.83,'주행거리도 길고 충전속도도 빠르고 가성비 너무 좋아요```````````````````````````','2025-04-28 14:10:25'),(355,67,'ucha****',6.83,'시내주행에는 최고. 예열,후열필요없고 최고출력 바로 나오고. 크기 적당하고 짐싣고 내리기 좋고. 타고 내리는 높이도 적당하고. 차무게대비 출렁임이 좀 있어. 고속주행이 좀 불안하고 따라서 운전재미는 없다.','2025-04-28 14:10:25'),(356,67,'sjk0****',9.33,'좋아요ㆍ .','2025-04-28 14:10:25'),(357,67,'kjck****',9.33,'모두만족하나 충전구가앞에잇어 고령운전자라서불편함 소프트웨어등 업데이트가 무선으로 되어 아주편리','2025-04-28 14:10:25'),(358,67,'lsml****',8.67,'여름 겨울철 주행거리가 짧아요장거리갈땐 많이 불편함 다른 주행질감 이런건 만족함.','2025-04-28 14:10:25'),(359,68,'dae_****',9.67,'가격이 비싸다는 것 빼고는 유지비용 각종 할인 혜택 등 너무 많이서 매우 만족하며 운행중에 있습니다.어르신들도 정숙하고 조용하다고 특히 아이페달 너무나 편함니다. 예전 스틱 또는 계식 차량은 브레이크 에 발은 항상 언지고 있어서 개인적으로 발에 피로도가 많이 줄었습니다. 가속도 네고 싶을때도 너무나 잘나가구요 ~','2025-04-24 14:10:33'),(360,68,'scpa****',8.83,'내연차 대비 전기차의 장점은 새삼 거론할 필요가 없을 듯. 다만 전기차 중에서도 아이오닉5를 픽한 이유는 1.독특한 디자인 2. 우수한 거주편의성 3.각종 세계적 어워드를 수차례 석권한 상품성 4.국내산 자동차로서 a/s의 편리성과 경제성 등. 사실 아이오닉5 N을 타고 싶었지만 일상생활에서 타기엔 너무 과스펙이고 가격도 너무 비싸 대신 N의 향기를 품은 N라인을 선택함. 굳이 아쉬운 점을 지적한다면 가격 대비 내장 처리가 다소 저렴한 티가 난다는 점.','2025-04-28 14:10:33'),(361,68,'wkdd****',9.17,'나만 탈랍니다. 전기차 한번 타면 이젠 내연기관으로 못 넘어가겠구나를 이 차를 타고 느낌','2025-04-28 14:10:33'),(362,68,'yidh****',10,'전기차 최고입니다 전기차충전소만 생활권에 있다면 무조건 바꿔야해요 좋습니다','2025-04-28 14:10:34'),(363,68,'jys4****',8.67,'전기차 너무 좋네요.직작 탔어야 하는데, 너무 늦었네요. 출력, 정숙성, 유지비 등이 너무 맘에 듭니다. 아쉬운점은 차값에 비하면 아쉬운 내장재, 배터리 용량 이네요.','2025-04-28 14:10:34'),(364,68,'uekh****',9.67,'전체적으로 만족 너무 조용하고 승차감도 딱딱하지않고 좋은느낌 빠릿빠릿한 움직임과 가속력 외제차와 상대적으로 비교조차안되는 편의성','2025-04-28 14:10:34'),(365,69,'erel****',7.17,'무난한데옵션이 나사가 빠짐… 메모리 없음 , 트렁크 문짝 길게 만들어두고 RSPA 없음(당장 ST1은 있음)','2025-04-28 14:10:42'),(366,69,'kb39****',9.67,'차량구입후 저속파워는 조금부족한듯한데 중고속에서는 만족한파워나오고 연비도 덩치에 비해 괜찮다고 생각합니다 차랑전반적으로 만족합니다 .','2025-04-28 14:10:42'),(367,69,'nyon****',8.83,'5밴카고입니다가솔린엔진 소리는 개입정도에 따라서 다르겠지만 거슬리지 않으며 연비는 생각보다 좋습니다 코너링 및 서스펜션은 차량 무게대비 적당하지만 브레이크 성능이 좀 더 좋았으면 합니다 가격이 가장 아쉽지만 그래도 만족합니다','2025-04-28 14:10:42'),(368,69,'hjs5****',9,'연비가 시내주행에서보다 고속도로 가 훨씬좋게나오네요 소음은 엔진가동될때 좀시끄럽네요이것말고는 대체로 만족합니다','2025-04-28 14:10:42'),(369,69,'bada****',9.5,'하이브리드차량이라 연비 걱정없이 다님차체가 크다보니 승차감은 약간 포기 하는게 좋을 듯 여가활동 하기에는 만족','2025-04-28 14:10:42'),(370,70,'kyb1****',8.33,'얼마 타보지는 않았지만 운전하기편하고 좋습니다디젤이라 특유의 소음은 있지만 기능도많고 좋앙ᆢㄷ','2025-04-28 14:10:52'),(371,70,'uil4****',9.67,'장거리운행이 많은편인데 운전피로도가 별로없고주행감도 좋은편이다 연비또한 12~13 정도나오고 무거운 짐을 많이 실어도 주행에는 무리가 없는것같다','2025-04-28 14:10:52'),(372,70,'dsch****',8.83,'현대차 뭔가 개인 정비가 어렵고 디스플레이도 멀고 조금은 개선이 필요해 보입니다','2025-04-28 14:10:52'),(373,70,'tlan****',9.33,'힘좋고 연비잔나오고 고속주행 안전성 편의성 좋고 엘피지라 엔진소리 조용하고토크는 좀 낮은편이지만 추월에는 무리없음 차량가가 비싼편','2025-04-28 14:10:52'),(374,70,'spri****',8.83,'적당한 차 가격에 편리한 옵션 다수고속연비 좋아서 장거리 가기도 좋고 차 크기 대비 운전도 편함','2025-04-28 14:10:52'),(375,70,'pjt1****',9.67,'지금까지 승용부터 suv 픽업트럭까지 두루 타보았지만 데일리 카로도. 여행용으로도 너무 좋습니다. 여행지 도착해서 테일게이트 열고 있으면 스타리아는 액자가 됩니다.','2025-04-28 14:10:52'),(376,71,'k145****',9.17,'일단 현재 만키로 주행을했고 시내주행은 너무좋아요다만 승차감이 안좋아서 타이어교체후 백퍼센트 만족합니다','2025-04-28 14:11:01'),(377,71,'labb****',7.83,'가격대비 성능과 유지비 대박 좋습니다 ~~!!주말마다 차박을 즐기는데 업무와 레저 용도로 만족합니다. 자동차 본연의 역할에 충실한 제품입니다 ㅎ','2025-04-28 14:11:01'),(378,71,'shin****',6.33,'캠핑카로 변경완료뒷쇼바 및 타이어 인치업 캠핑 및 출퇴근 용이합니다','2025-04-28 14:11:02'),(379,71,'yang****',8.67,'가성비 화물차. 캠핑카로 전환 사용 중. 매우 만족...편의 장치 미비 ( 네비 x, 열선x, 손뜨x 등) 쇽 업서버 좋지않아서 충격 심함 그런데, 세금우대 전기차로 운행비 좋아요....','2025-04-28 14:11:02'),(380,71,'mcma****',7.83,'전기차라 좋음 그외는 없음. 시비스가 어떨지 궁금함','2025-04-28 14:11:02'),(381,71,'ppm0****',8.33,'승차감은 포기하는게 정신건강에 좋습니다타이어 공기압조정과 뒤판스프링 한개제거 쇼바교체로 조금 좋아집니다 짐칸도 넓고 시내주행이나 단거리용으로는 최고입니다','2025-04-28 14:11:02'),(382,72,'k145****',9.17,'일단 현재 만키로 주행을했고 시내주행은 너무좋아요다만 승차감이 안좋아서 타이어교체후 백퍼센트 만족합니다','2025-04-28 14:11:11'),(383,72,'labb****',7.83,'가격대비 성능과 유지비 대박 좋습니다 ~~!!주말마다 차박을 즐기는데 업무와 레저 용도로 만족합니다. 자동차 본연의 역할에 충실한 제품입니다 ㅎ','2025-04-28 14:11:11'),(384,72,'shin****',6.33,'캠핑카로 변경완료뒷쇼바 및 타이어 인치업 캠핑 및 출퇴근 용이합니다','2025-04-28 14:11:11'),(385,72,'yang****',8.67,'가성비 화물차. 캠핑카로 전환 사용 중. 매우 만족...편의 장치 미비 ( 네비 x, 열선x, 손뜨x 등) 쇽 업서버 좋지않아서 충격 심함 그런데, 세금우대 전기차로 운행비 좋아요....','2025-04-28 14:11:11'),(386,72,'mcma****',7.83,'전기차라 좋음 그외는 없음. 시비스가 어떨지 궁금함','2025-04-28 14:11:12'),(387,72,'ppm0****',8.33,'승차감은 포기하는게 정신건강에 좋습니다타이어 공기압조정과 뒤판스프링 한개제거 쇼바교체로 조금 좋아집니다 짐칸도 넓고 시내주행이나 단거리용으로는 최고입니다','2025-04-28 14:11:12'),(388,73,'k145****',9.17,'일단 현재 만키로 주행을했고 시내주행은 너무좋아요다만 승차감이 안좋아서 타이어교체후 백퍼센트 만족합니다','2025-04-28 14:11:21'),(389,73,'labb****',7.83,'가격대비 성능과 유지비 대박 좋습니다 ~~!!주말마다 차박을 즐기는데 업무와 레저 용도로 만족합니다. 자동차 본연의 역할에 충실한 제품입니다 ㅎ','2025-04-28 14:11:21'),(390,73,'shin****',6.33,'캠핑카로 변경완료뒷쇼바 및 타이어 인치업 캠핑 및 출퇴근 용이합니다','2025-04-28 14:11:21'),(391,73,'yang****',8.67,'가성비 화물차. 캠핑카로 전환 사용 중. 매우 만족...편의 장치 미비 ( 네비 x, 열선x, 손뜨x 등) 쇽 업서버 좋지않아서 충격 심함 그런데, 세금우대 전기차로 운행비 좋아요....','2025-04-28 14:11:21'),(392,73,'mcma****',7.83,'전기차라 좋음 그외는 없음. 시비스가 어떨지 궁금함','2025-04-28 14:11:21'),(393,73,'ppm0****',8.33,'승차감은 포기하는게 정신건강에 좋습니다타이어 공기압조정과 뒤판스프링 한개제거 쇼바교체로 조금 좋아집니다 짐칸도 넓고 시내주행이나 단거리용으로는 최고입니다','2025-04-28 14:11:21'),(394,74,'skyh****',9.83,'차가격 정직하다고 생각합니다성능은ㅈ대체로 만족합니다 차량정비성은 르노 대형수리 받을곳이 적고 실내 옵션은 그닥 상용차에 정직한차 열선 핸들 또는 열선시트 기본적인 옵션들이 아쉬운점','2025-04-28 14:11:30'),(395,74,'wjdw****',10,'잔고장 없고 3년째 아주 만족하며 타고 있어요가격도 착하고 나중에 유럽횡단도 생각하고 있는데 유럽엔 마스터 정비 인프라가 좋으니 그때를 생각하면 더 잘한 선택이라 생각되네요','2025-04-28 14:11:31'),(396,74,'hd10****',7.67,'요소부 장치가 자주불편을 주어서 불편하네요!엔진은 적으로 만죽하며 요소부가 불편을 자우합니다!','2025-04-28 14:11:31'),(397,74,'leed****',7.67,'가성비는 굿유지비는 수입차라는걸감안하셔야함. 운전포지션이 유럽인기준이라그런지 한국인에게는 (특히 키작은신분)불편함. 동승석시트가 고정이라 장거리운행시 동승자불편','2025-04-28 14:11:31'),(398,74,'hhh4****',6.5,'쎈서 잔고장이 심해요써비스 쎈터 부족해요 써비스 개선이 꼭 필요합니다','2025-04-28 14:11:31'),(399,75,'sida****',9.5,'예상했던 승차감보다 훨씬 좋았고 가격을 빼곤 다 만족합니다. 할인이 없는게 좀 아쉽네요 ㅠㅠ','2025-04-28 14:11:40'),(400,75,'phon****',8.83,'디자인은 넘사벽, 하이브리드 완성도도 넘사벽.. 다만 이가격에 V2L 뺀거는 좀 선씨게넘음 PHEV 사고 V2L 없아서 혈압올랐음. 그냥 대충 샀는데 설마없을 줄는 ㅜㅜ..Ride ,Handling 발군. 승차감의 Flat 감이 매우 인상적이며 핸들링 또한 인상적임. 스티어링 튜닝을 아주 잘한 것 같음.. 부품가격 사악..','2025-04-28 14:11:40'),(401,75,'suda****',10,'매우 좋음연비는 4세대보다 조금 떨어졌지만. 기능 업그레이드가 잘 됨','2025-04-28 14:11:40'),(402,75,'panz****',8,'소음과 가격이 아쉽지만 준수한 주행성능과 하이브리드의 최고점을 느낄 수 있음','2025-04-28 14:11:40'),(403,75,'back****',9.5,'승차감, 코너링, 연비 모두 완벽 거기에 디자인까지 가격이 조금 높아서 단점이지만 가격 빼고 모든면에서 만족 실내공간도 생각보다 좁지 않습니다','2025-04-28 14:11:40'),(404,75,'whwr****',8.67,'예쁘다연비가 좋다 여성이 타기에 크기가 아담해서 좋다 키큰사람이 타기는 힘들거같음 뒷자리는 에어컨이나 히터가 안닿아서 춥거나 덥다','2025-04-28 14:11:40'),(405,76,'sida****',9.5,'예상했던 승차감보다 훨씬 좋았고 가격을 빼곤 다 만족합니다. 할인이 없는게 좀 아쉽네요 ㅠㅠ','2025-04-28 14:11:50'),(406,76,'phon****',8.83,'디자인은 넘사벽, 하이브리드 완성도도 넘사벽.. 다만 이가격에 V2L 뺀거는 좀 선씨게넘음 PHEV 사고 V2L 없아서 혈압올랐음. 그냥 대충 샀는데 설마없을 줄는 ㅜㅜ..Ride ,Handling 발군. 승차감의 Flat 감이 매우 인상적이며 핸들링 또한 인상적임. 스티어링 튜닝을 아주 잘한 것 같음.. 부품가격 사악..','2025-04-28 14:11:50'),(407,76,'suda****',10,'매우 좋음연비는 4세대보다 조금 떨어졌지만. 기능 업그레이드가 잘 됨','2025-04-28 14:11:50'),(408,76,'panz****',8,'소음과 가격이 아쉽지만 준수한 주행성능과 하이브리드의 최고점을 느낄 수 있음','2025-04-28 14:11:50'),(409,76,'back****',9.5,'승차감, 코너링, 연비 모두 완벽 거기에 디자인까지 가격이 조금 높아서 단점이지만 가격 빼고 모든면에서 만족 실내공간도 생각보다 좁지 않습니다','2025-04-28 14:11:50'),(410,76,'whwr****',8.67,'예쁘다연비가 좋다 여성이 타기에 크기가 아담해서 좋다 키큰사람이 타기는 힘들거같음 뒷자리는 에어컨이나 히터가 안닿아서 춥거나 덥다','2025-04-28 14:11:50'),(411,77,'jun_****',7.17,'장점-차값이 싸다, 유류비 저렴, 짐칸 끝장남 대각으로 3미터 적재 단점-한번씩 svi(?) 기능으로 창문 뚫고 나갈뻔함. 풍절음, 파킹이 사이드뿐이라 경사에서 밀림, 운적석 좁음','2025-04-28 14:11:59'),(412,77,'goto****',5.33,'내.외장재 품질이 국산차에 비해 많이 떨어지는 편이며 홍보하는 기능을 외에는 거의 옵션이 안들어 있다해도 무방합니다. 주행 품질도 너무 떨어지며 적재함을 너무 늘려 운전석 좌석이 좁아 장거리운전에 많이 힘든편입니다. Dc콤보지원하여 충전빠르며 기존 차에 비에 유류비가 절반이상 저렴하여 운행에 부담이 덜 됩니다.','2025-04-28 14:11:59'),(413,77,'jnfe****',7.67,'할말은 많지만 참겠다','2025-04-28 14:11:59'),(414,77,'xowl****',8.33,'가격대비 성능이나,디자인,옵션, 주행거리등 뛰어나다고 생각되지만, 풍절음, 승차감은 좋치 않습니다.하지만 가성비가 갑입니다. 크기도 스타렉스나 포터못지않게 큽니다. 또 TPMS 경고등, IVI 먹통 고질병은 아쉬운 부분이지만, 바로 해결가능한 부분이라 그냥 새찬데 이런게? 느낌정도 입니다. 보험사 고장출동 이외에 긴급견인,긴금충전등, 지리자동차가 한국에서 서비스를위해 많이 노력하고있고 약속한공략들이 하나하나 이행되고있는것에 신뢰가가는부분도 있습니다. 총평 고질병이 아쉽지만 가격대비 모든것이 만족스럽다.','2025-04-28 14:12:00'),(415,78,'happ****',9,'아이가 둘인데 카시트 2개를 장착하고 뒤에 어른도 한 명 편하게 앉을 수 있는 메리트가 너무 커서 아직도 차를 못바꾸고 있네요. 타던 차중에 제일 오래 타고 있어요! 트렁크도 꽤나 넓고, 디자인도 오히려 유니크해서 저희는 만족하고 있습니다.','2025-04-28 14:12:09'),(416,78,'iscr****',9.83,'가성비 정말 좋은 차. 도심에서 타기에도 딱. 아이들 키운다면 더욱 강추.','2025-04-28 14:12:09'),(417,78,'tu99****',9.33,'매우우스goofjcdutghxdyhdwt644wdhuhxcvndscvhiregxycgcvcjufgjiuggvvxgjko9iu','2025-04-28 14:12:09'),(418,78,'pred****',9.67,'진짜 좋은차임. 20년5월에 구매해서 거의 만 5년 되어가는데 잔고장 없고 좋음','2025-04-28 14:12:10'),(419,78,'eric****',8,'차의 기본기는 정말 탄탄하게 잘만들어진거 같다. 그런데 내부 내장제등은 부실하고 외부소음, 풍절음에 취약함','2025-04-28 14:12:10'),(420,79,'swal****',9,'아기사자의 가르릉 거리는 엔진음 ,,넘 좋다!! 시트의 극강편안함, 가솔린이고 1500K도 안타서 연비는 아직 잘 모르겠고, 힘도 좋고 핸들링도 좋고 코너링 좋고~~ 더 타봐야 하지만, 아직 익숙해지지 않아서 그런진 몰라도 반응속도가 빨라요, 정차후 브레이크를 놓으면 차가 기냥 슈슈슝 ,,, 빨라빨라,하여간 전 푸동이가 넘 맘에 들어욧','2025-04-28 14:12:25'),(421,79,'chk1****',10,'차량의 소문대비 연비가 더 좋습니다. 디자인 관련 호불호는 있겠지만.. 저는 호이며, 승차감도 그렇고.. 차량은 크지 않아 주차에 편합니다.','2025-04-28 14:12:25'),(422,79,'mong****',8.5,'분진필터, 엔진부분 결함 고질문제수리센터 부족과 신뢰도 낮은 수리공 호구되기 쉽상, 하지만 차체 단단하고 연비최강!!','2025-04-28 14:12:26'),(423,79,'hyun****',10,'현기차보다 100만배 좋음주행성능 이 확실히 편안,............','2025-04-28 14:12:26'),(424,79,'idof****',8.83,'고질적인 배기가스 고장이 잦음.서비스센터가 턱 없이 부족하고 정비사의 기술력이 최악임.','2025-04-28 14:12:26'),(425,80,'nary****',1.17,'존나 별루예요요요요요여요요여요요요요요여여ㅛ요용요ㅛ요여요요요요요요요용요요요요용','2025-04-24 14:12:35'),(426,80,'sunm****',7,'Suv경유차는 50k 시내 주행용으로는 절대 사지 말아요경유가 엔진오일쪽으로 넘어와 엔진오일이 증가합니다','2025-04-28 14:12:35'),(427,80,'garm****',9.33,'C7 풀옵션차량으로 안전성. 디자인. 주차편리성 등 만족하며 연비가 약한것이 흠결이라고 생각함','2025-04-28 14:12:35'),(428,80,'dmse****',9.67,'디자인은 그럭저럭인데 주행성능이나 연비는 좋아요. 가장 아쉬운 점은 트렁크 크기가 아쉬워요..','2025-04-28 14:12:35'),(429,80,'gjsw****',6.83,'아쉬움브랜드 자체가 아쉽고 판매 센터가 딱히 전문적이지 않음 썬팅도 제대로 못 맡기고 인포콘 설명도 없고 차 팔면 끝이라는 마인드가 큼','2025-04-28 14:12:36'),(430,80,'ggon****',10,'단단하고 좋습니다!안전성으로는 쌍용!디자인도 좋고, 만족합니다.가족 세컨카로 아주 좋아요!','2025-04-28 14:12:36'),(431,81,'qufl****',8.5,'역시 m은 틀리구나 라는걸 느꼇습니다 3000cc 387마력 치고는 시내 평균 10km나오니까 나쁘진 않은거 겉습니다 2도어 쿠페라 자세 잡고 코요태 리믹스 틀고 방방거리며 시속60km로 안전운전 하고 잘타겠습니다 휴먼','2025-04-22 14:12:45'),(432,81,'jjw4****',10,'2인가족 팔방미인 차량 연비준수 정숙성 훌륭 트렁크공간 짐 많이 없음 충분 무엇보다 운전의 재미가 엄청나요선더나이트 색상 유니크하고 이뻐요','2025-04-28 14:12:45'),(433,81,'chj4****',9,'주행성능, 무게배분, 연비, 완성도 완벽합니다쿠페 특성상 거주성은 떨어지나 상관 없습니다 나만 거주할거니까👍','2025-04-28 14:12:45'),(434,81,'rlgk****',9.67,'잘나가고 잘서고 거주성이 조금 부족한 것 빼고는 완벽한 차신혼부부나 아이 한명까지 부담없는 차','2025-04-28 14:12:46'),(435,81,'mint****',9.67,'가성비 따지면서, 비엠 6기통, zf미션, 튜닝 재미, 배기음, 변속 재미 느끼기엔 최고의 차! 디자인 별로라지만 도로에 잘 보이지 않고 보면 볼 수록 이쁘다ㅎㅎ','2025-04-28 14:12:46'),(436,82,'cool****',8.67,'혼자타는 세컨카로 좋아요. 중/대형 차량대비 승차감은 어쩔수 없고, 주행성은 좋습니다. 이미 세번째 비엠이라 부담없이 타고다니기 좋아요.','2025-04-28 14:12:55'),(437,82,'msy7****',10,'좋아요~ 연비.디자인~ 여성분들이 타기에 정말 좋은차 같아요 굳~~~~~','2025-04-28 14:12:55'),(438,82,'rovl****',9,'아무래도 준중형 차에 속하다보니, 주행질감이나 연비면에서는 깔 수 없는 게 사실이지만 생각외로 고속주행시 노면소음이나 풍절음이 거슬리게 들릴 수 있습니다. 그리고 파노라마 썬루프 관련해서 BMW차량들 고질적인 잡소리가 있는 것도 감수하고 구매해야 합니다. 저같은 경우 썬루프 C필러 핸들에어백 3군데에서 다양하게 잡소리가 나고 있습니다','2025-04-28 14:12:55'),(439,82,'dy27****',9.5,'차급에 비해 생각보다 고급스러운 승차감에 주행능력도 준수하여, 3인 가족에 적합합니다.','2025-04-28 14:12:56'),(440,82,'gusd****',10,'잘만든 작은차라는 표현이 적당한 것 같아요. 작은 차지만 프리미엄 브랜드답게 상품성도 좋고 출력도 부족함없고 연비 또한 우수해용ㅎㅎ','2025-04-28 14:12:56'),(441,82,'yoon****',8.83,'모델 체인지 전 최고 할인가격으로 구입해서 가격에도 만족합니다만, 정상 가격이라면 가성비가 떨어지겠지요. 소형이라 연비좋고 잘 나갑니다','2025-04-28 14:12:56'),(442,83,'y1k6****',9.17,'아주 사용 하기 편해요!\'\'\'\'\'\'\'\'\'\'\'\'\'\'\'\'\'\'\'\'\'\'\'\'\'\'\'\'\'\'','2025-04-28 14:13:06'),(443,83,'tiny****',7.83,'디자인 좋고 디자인 좋아요.내장 수준이나 승차감 연비는 평균이하인듯 합니다. 프로모션으로 그나마 저렴하게 샀다는건 좋아요.','2025-04-28 14:13:06'),(444,83,'worm****',7.17,'승차감을 고려한다면 절대 구매하지 않는게.. ㅎㅎ구매한지 4년되어가는데 다른 브랜드로 갈아타고 싶습니다 ㅎ','2025-04-28 14:13:06'),(445,83,'sung****',7.17,'디자인은 최고입니다. 승차감은 평범하고 연비가 안좋은거같아요. 평균9.3정도 찍히긴하는데 휘발유라 비싸기도하고..큰 고장은 없는데 거슬리는 소리가 가끔씩 어디선가 나와요. 실내는 좁긴한데 덩치가 크지 않다면 무난합니다. 무난한 차에요 국산차 타긴 밋밋하고 하면 탈만합니다. 새차로 사면 좀 많이 비싼편인거같아요.','2025-04-28 14:13:06'),(446,83,'godr****',8.67,'신생아가 깨지 않을 만큼의 고요함을 원한다면 탈락. 하지만 \'내가 달리고있구나\'를 실감하며 귀여움 속에서 효율성을 찾고싶다면 대성공.','2025-04-28 14:13:06'),(447,83,'jiny****',9.33,'일단차체가 작은데 내부는 넓고운전하기편하고 앞코가 짧아서 앞이보여서 주행 주차 너무용이합니다 가성비는 최고이고 주차면적이좁아도가능 잔고장이 아예없지는 않으나 그래도 큰수리는 안했어요','2025-04-28 14:13:06'),(448,84,'craz****',6.17,'현시점 생산업체가 망함 AS 안됌가장 중요한 OBC 라는 부속이 결함이 있으나 업체는 망함 하지만 골드넘 이라는 영웅이 등장하여 주요 부품을 공급하고 있음, 약간의 차량 자가 정비 지식만 있다면 현시점 근거리 출퇴근용으로는 최강이 아닐까함','2025-04-28 14:13:15'),(449,84,'chul****',7,'기대이상 타고다니기 좋네요승차감은 당연히떨어집니다 허나 가성비로 따지면 단연최고인듯 합니다','2025-04-28 14:13:15'),(450,84,'2048****',4.67,'한달 전 se모델 중고로 480에 구입했는데근거리 출퇴근 용도 마트 장보기용으로 적합하고 언덕길은 잘올라가나 시속이 40 50밖에 안나옴 한번충전으로 평균거리 80 90km 주행가능 전기세는 주행거리 23km 주행했을때 전기충전소에서 약 600 700원 정도 듬 집에서는 태양광판넬 설치가되어 있는데 거의 무료로 타고 있다고해도 과언이 아님 전반적으로 만족하나. 맨홀뚜껑 방지턱에서 속도를 반드시 줄여야함 시속 50에서 방지턱 넘으면 내장 장기가 손상(?)될 수 있음','2025-04-28 14:13:15'),(451,84,'sung****',5.17,'가성비로 타는 차 입니다.언덕길 엑셀 아무리 밟아도 20~40km 밖에 안나옵니다. 평지에서는 70km까진 잘 나옵니다. 근거리 출퇴근용으로는 강추합니다.','2025-04-28 14:13:16'),(452,84,'haya****',8.33,'저렴한가격 c는별로 se는괜찮음 확실히 차이가남 바데리부분무시못함 ㅎ','2025-04-28 14:13:16'),(453,84,'26to****',9.5,'오토바이를 대체힐 배달용으로 동네 마트 장보기용으로 최적입니다. 추천합니다.','2025-04-28 14:13:16'),(454,85,'anho****',9.33,'ㅇㅇㅇㅇ만족하게 잘타고 다닙니다.시내주행 연비가 아주 탁월하고 좋아요. 고속주행과 겨울철에는 연비가 떨어집니다','2025-04-28 14:13:25'),(455,85,'happ****',3.83,'가성비 최악 니로ev 두대값 전비 안좋음 쏘울ev 전비 6.8. 아이오닉6 전비 5.2 눈길 달리면 휠하우스 안쪽 부직포 안쪽에 눈이 쌓여 계속 소리남 털어주지 않으면 안됨 털어도 잘 안털어짐 에어컨 크리너에 물참 쉰내남 고속도로 충전이 잘 안됨. 오류 자주 생김 장거리 불안함 충전도 50프로하면 더이상 안됨 키로와트당 400원 넘으면 연비이득 전혀 없음 하이브리드가 휠씬 이득 운행 안해도 하루에 10- 20키로씩 전기가 없어짐 암전류가 많 음','2025-04-28 14:13:25'),(456,85,'hyh4****',9.33,'디젤차 타다가 이거 타니까 리얼 신세계임아이오닉5 회사차랑 비교해봐도 6가 승차감, 주행 가속에서 압살함 작년에 할인 많이할때 안사고 올해 좀 덜 받아서 아쉬운거 빼고는 다 맘에 들음 4륜은 꼭 넣어야함 고속도로에서 스포츠 넣고 awd로 달릴때 느낌이 다름 디자인은 택시 빼고 돌아다니는 다른차 찾기 힘들어서 더 좋고 생긴거 귀여움 걍 너무 좋다 iccu만 터지지말자','2025-04-28 14:13:25'),(457,85,'bhle****',7.67,'전반적으로운전하기가 내연차량보좋다연비가좋다 소음이없어좋다 주행안전성이좋다','2025-04-28 14:13:26'),(458,85,'yout****',9.5,'디자인이나 마감때문에 욕은 먹긴해도 리콜다해주고 나름 이쁘게 생김.. 타보면 알지만 택시오닉만 아니었다면 .. 조선포르쉐 값을 했을텐데 ... 새차는 아니지만 중고차로는 정말 이만한건 없씀.. 모델3타다가 넘어옴','2025-04-28 14:13:26'),(459,85,'obob****',8.5,'현대차중에서는 이만한 전기차가 없습니다. 2년간 타본 결과 달릴때 잘 달립니다. 장점은 뒷좌석이 진짜 전기차 세단중엔 제일 넓습니다. 단점은 트렁크가 좁고, 잔고장이 많고 iccu때문에 고속도로 한복판에서 멈춘거 말곤 없네요 ^^','2025-04-28 14:13:26'),(460,86,'gych****',7.67,'기존 차량이 있던 분들에겐 세컨카!! 뚜벅이 또는 자전거 등 기타 이동수단 사용자에겐 메인카도 괜찮음(본인도 전기자전거 비올땐 버스, 뚜벅이였음) 용도는 명확하게 가까운 도심 출퇴근용, 장보기, 부업(배달 및 소택배 가능) 외부 및 내부 디자인은 그럭저럭 괜찮음, 승차감은 지게차와 승용차 그 어딘가...기대하지마요... 유지비 최고(충전 비용, 주차장 할인 등) 주차하기 매우매우 편함 집밥, 회사밥 가능하면 충전소 스트레스는 크게 없음 (출퇴근, 장보기 등 용도일때..이걸로 어디 놀러갈 생각마요)','2025-04-28 14:13:41'),(461,86,'kdbu****',9,'주행거리가 조금 아쉽긴 하지만 초소형 전기차 중에는 제일 괜찮다고 생각해요 AS도 마감이나 그런게 조금 아쉽긴 하지만 아주 잘 타고 다니고 있습니다!!','2025-04-28 14:13:41'),(462,86,'bita****',5.5,'1000만원주고 사기엔 돈이 아까움,요철 지날때 하체가 분해될것 같은 느낌이 든다. 급 커브시 리어가 확 돌아가면서 위험할때가 있음','2025-04-28 14:13:41'),(463,86,'gywl****',8.5,'거리가 짧은거에 아쉽지만 그만한 가격과 유지비용 생각하면 만족합니다. 충전소 사용이 자유롭다면 무조건 추천드립니딘','2025-04-28 14:13:42'),(464,86,'go******',9.33,'차가 작아서 주차 및 운전이 매우 간편함작은 차의 장점을 알게됨 초소형전기차중 디자인 가장 예쁨 방문AS 간편 자동차전용도로 이용 불가한건 아쉬움','2025-04-28 14:13:42'),(465,87,'kyj4****',8.17,'.','2025-04-28 14:13:51'),(466,87,'cckb****',1.5,'아반떼 살걸 통통튀는 승차감 실내 투박함 어이없는 주행질감 차자체가 형편없음 도로위에 나오면 안되는 차임 kgm 로고 보고 주위 차들이 알아서 비켜감 2300만원 날렸음 팔고 k카에서 중고차 알아 봐야겠음-_-','2025-04-28 14:13:51'),(467,87,'myjh****',8.33,'전체적으로 가격대비 약간의 아쉬움이 남음 조금만 신경쎃으면 더좋은 평점을 받을만한차임','2025-04-28 14:13:51'),(468,87,'kghj****',9.17,'연비빼고 만족합니다구지 하나를 더 꼽자면 실내 디자인이 아쉽네요 그외에는 1년 넘게 잘타고 있고 동급대비 디자인 특히 페리 후 앞디자인이 너무 예쁘고 기존처럼 로고 없이 레터링으로 되어 있어 더 깔끔해 보여서 좋아요','2025-04-28 14:13:51'),(469,87,'bers****',7.67,'더뉴티볼리는 기존 티볼리보다 주행감이나 성능은 좋아졌고 단지 아쉬운건 이전 티볼리의 UI를 그대로 쓰고 있다는게 아쉽다.업데이트만 되어 바뀌었음 좋겠다. 나머지는 솔직히 가성비 편안한 것으로 타려면 1,6 V3에 안전옵션 추천이고 여유된다면 1.5터보에 V7도 나름 괜찮다고 본다.현존 소형SUV중에서는 가성비 차라 불릴만큼 튼튼하고 잘쓰고 있다.UI만 좀....','2025-04-28 14:13:51'),(470,88,'arue****',9.67,'차가 튼튼하고 주행시 안정감이 있습니다차가 많이 흔들리지 않아 승차감이 좋고 휠이 작아서 울퉁불퉁한 노면에서는 튈수있으나 감속운행하면 괜찮습니다 전반적으로 만족해요','2025-04-28 14:14:01'),(471,88,'debb****',9.83,'작지만 힘도 좋고 운전의 재미가 있어요친화경차라 혜택도 많구요 무엇보다 디자인이 맘에 드네요','2025-04-28 14:14:01'),(472,88,'naln****',9,'파이널 에디션.s라 잘 나감. s지만 어댑티브 라이트와 어댑티브 서스펜션이 가장 큰 차이점.','2025-04-28 14:14:01'),(473,88,'ace3****',9.5,'디자인 출력 연비 좋습니다맘에 듭니다 출력이 엄청 좋습니다 쭉쭉 나가요','2025-04-28 14:14:01'),(474,88,'alle****',9,'작은데 안은 넓어서 짐 맘껏 실을 수 있고무엇보다 디자인 너무 이쁩니다!','2025-04-28 14:14:01'),(475,88,'dudg****',8.83,'일반적인 승용차에비해 차가 스포티하고 연비 관리하기 편하더라구요 승차감은 생각보다 허리가 아픕니다,,','2025-04-28 14:14:01'),(476,89,'kjn3****',9.83,'편의사양이 부족해서 좀 불편합니다.편의사양만 잘되잇으면 아주훌륭합니다.','2025-04-28 14:14:11'),(477,89,'sky2****',9.67,'전세대에 비해서 잔고장도 없이 너무 좋습니다 잘나가구요 무엇보다 이쁨니다','2025-04-28 14:14:11'),(478,89,'yson****',8.33,'혼자 출퇴근용으로 타기에 너무 좋습니다. 30대에 1세대 차량 탔었고 예전 좋은 기억으로 오십대에 jcw 컨버터블 다시 신차 구매하여 타고있는데 오래 소유하고싶은 차량잊니다.','2025-04-28 14:14:11'),(479,89,'onyx****',8.67,'미니만 4대째 세컨카로는 최고예요메인으론 호불호 크고 jcw 라면 빠릿빠릿 잘 달려요 컨버중엔 개방감 최고입니다','2025-04-28 14:14:11'),(480,89,'luji****',6.67,'1.5 컨버터블 타고있는데 연비 잘 안나옵니다 ㅎㅎ.고급유 세팅으로 매일 30Km정도 고속50% 시내50%로 다니는데 아무리 사리운전해도 12 넘기 쉽지 않고 보통 신경안쓰고 다니면 10~11 유지됩니다 ㅎㅎ 그래도 참 좋아요','2025-04-28 14:14:12'),(481,90,'gomd****',7.17,'터보라 그런지 떨림이 있고 미션이 잦은 멈추고 출발시 울컥거림이 승용차의 편안함을 떨어뜨린다 그러나 200마력이 넘는 힘은 장거리 운행시 가속감이 좋고 무게감 있는 주행이 안정감을 준다 네비게이션 화면은 조금 느린편이며 유료 결재를 하여도 폰으로 시동을 걸지 못하는 점이 많이 아쉽다','2025-04-28 00:14:21'),(482,90,'wow5****',9.67,'저단, 저속 초반 미션 꿀렁임 외에는 전체적으로 만족합니다.실내도 괜찮고, 외관도 질리지 않습니다','2025-04-27 23:14:21'),(483,90,'hyun****',3,'별로 만족스럽지 못한 부분이 있습니다 후속모델 나오면 좋겠읍니다 디자인.성능.승차감 내부마감 잘해서~~~~~','2025-04-27 14:14:21'),(484,90,'sini****',9,'중고로 구입했는데 무척마음에 듭니다 현대기아차보다 핸들이 조금 무겁게 느껴지는듯 합니다','2025-04-28 14:14:21'),(485,90,'aman****',9.83,'현기차가 질려서몇년 전부터 이어지는 디자인임에도 불구하고 구형같지 않음, 더 멋있음','2025-04-28 14:14:21'),(486,90,'iond****',10,'어디까지나 개인적인의견입니다. 정말 다 좋음, 다 좋은데 딱 한가지만 꼽자면 순정상태에서 리모컨으로 시동걸기가 안되는점은 진짜좀 리콜을 하던 어쩌던 조치를 좀 해줬으면 하는 바램이 있습니다. 몇년전부터 나오는 국산 현기차들 다있는거 왜 그게없는지.. 딱 그거 하나요','2025-04-28 14:14:21'),(487,91,'cheo****',9.5,'가성비 전기차, e-gmp 는 가격이 좀 부담스러운데, 아주 맘에든다.','2025-04-28 14:14:31'),(488,91,'nsks****',6.67,'감속기2번 교체 했어요10만km에 한번 꼴로 고장 나네요 뽑기 잘못 했으면 한번이면 되는데 2번은 ... ㅉㅉ','2025-04-28 14:14:31'),(489,91,'cdys****',8.17,'일반니로전기차에비해 뒷좌석이 높아져서 승차감은 좋으나 승하차시 치마입은 사람들은 너무 높아서 불편하다함.','2025-04-28 14:14:31'),(490,91,'gp01****',7,'고질병은 에어컨 문제 벌써 2번이나 고장났다 일반 니로 전기차랑 똑같이 리콜 진행해라','2025-04-28 14:14:31'),(491,91,'youn****',9.17,'전체적으로 완성형 차량입니다. 출고타이어가 너무 저급이라 타이어 교체만해도 승차감등 좋아집니다.','2025-04-28 14:14:31'),(492,92,'nice****',9.83,'놀라운 연비의 차. 이 차를 타다 현기를 타면 기름 먹는 하마라는 생각이 들 정도. 연비와 디자인 면에서 최고점을 주고 싶다.','2025-04-28 14:14:41'),(493,92,'eung****',9.67,'시티 전기차 중 최고의 차라고 생각 됨. 부담없는 가격, 역사 있는 제조사, 준수한 품질, 우수한 주행성능, 유려한 디자인, 멋스러운 실내 및 디자인, 3d 계기판, 준수한 공간 등. 머 하나 빠지지 않음. 단점은 국내에 215/60/17 타이어 선택의 폭이 적음.','2025-04-28 14:14:41'),(494,92,'poem****',9.83,'주행거리 빼고는 최고입니다. 주행거리도 검사는 260km인데 실주행은 330km나옵니다','2025-04-28 14:14:42'),(495,92,'valk****',9,'디자인에 꽂히면 답이 없다는 말이 있죠. 이 차가 그렇습니다.','2025-04-28 14:14:42'),(496,92,'maka****',9.5,'주행거리가 짧아 아쉽기는 하지만, 세컨차 용도로는 좋은거 같내요. 디자인이 이뻐요','2025-04-28 14:14:42'),(497,92,'heer****',10,'연비 디자인 최강입니다.','2025-04-28 14:14:42'),(498,93,'mong****',7.67,'가성비 디자인 최고입니다 다만 국내판매처 부도로 무상보증이 없어진게 너무 큰손실입니다','2025-04-28 14:14:57'),(499,93,'yun1****',9.67,'가격대비 좋음 진짜 나무랄곳은 없으나 단지 A/S 부분취약 가성비로 세컨차로 최고','2025-04-28 14:14:57'),(500,93,'semo****',8.17,'디자인 굿 이뻐요. 승차감도 좋고요.A/S가 좀 번거로워요. 그래도 고장 한 번 없이 잘 다녀요.','2025-04-28 14:14:58'),(501,93,'0507****',9.5,'A/S만 잘되면 최고의 차량이죠외관 옵션 최고죠 가성비 최고 디자인 최고','2025-04-28 14:14:58'),(502,93,'ksk7****',1,'고장 나봐라.. 바로 폐차 해야지. 잔고장으로 속좀 썩어봐야 아-- 내가 미쳤구나 생각날걸','2025-04-28 14:14:58'),(503,93,'seou****',9.33,'디자인이나 옵션이 훌룡하나, 시내주행 연비가 그닥 좋지는 않습니다. 하지만 가격대비 매우만족합니다','2025-04-28 14:14:58'),(504,23,'cc98****',9.67,'좋아요 진짜로 ~~ 가격좀 내려 줬으면 100점인데 그거하나 아쉬운 점이 있네용','2025-04-13 11:56'),(505,23,'kall****',8.83,'거칠게 모는 분들은 어울리지 않습니다잔잔하게 운전하시는 분들은 완벽하게 제격인 차입니다.','2025-04-02 14:26'),(506,23,'kall****',8.83,'거칠게 모는 분들은 어울리지 않습니다잔잔하게 운전하시는 분들은 완벽하게 제격인 차입니다.','2025-04-02 14:26'),(507,23,'dlwh****',9,'연비 ㅆㅅㅌㅊ 둘이타기딱입니다.정속감좋구 하이브리드는 투싼 가솔린은 스포티지 정답인거같습니다.','2025-03-25 10:44\r\n');
/*!40000 ALTER TABLE `comment_info` ENABLE KEYS */;
UNLOCK TABLES;

--
-- Table structure for table `job_type_info`
--

DROP TABLE IF EXISTS `job_type_info`;
/*!40101 SET @saved_cs_client     = @@character_set_client */;
/*!50503 SET character_set_client = utf8mb4 */;
CREATE TABLE `job_type_info` (
  `job_id` int NOT NULL AUTO_INCREMENT,
  `job_name` varchar(20) DEFAULT NULL,
  PRIMARY KEY (`job_id`)
) ENGINE=InnoDB AUTO_INCREMENT=7 DEFAULT CHARSET=utf8mb4 COLLATE=utf8mb4_0900_ai_ci;
/*!40101 SET character_set_client = @saved_cs_client */;

--
-- Dumping data for table `job_type_info`
--

LOCK TABLES `job_type_info` WRITE;
/*!40000 ALTER TABLE `job_type_info` DISABLE KEYS */;
INSERT INTO `job_type_info` VALUES (1,'대학생'),(2,'사무직'),(3,'IT/개발'),(4,'서비스직'),(5,'생산직'),(6,'기타');
/*!40000 ALTER TABLE `job_type_info` ENABLE KEYS */;
UNLOCK TABLES;

--
-- Table structure for table `user_info`
--

DROP TABLE IF EXISTS `user_info`;
/*!40101 SET @saved_cs_client     = @@character_set_client */;
/*!50503 SET character_set_client = utf8mb4 */;
CREATE TABLE `user_info` (
  `USER_ID` int NOT NULL AUTO_INCREMENT,
  `USER_AGE` int NOT NULL,
  `USER_GENDER` varchar(10) NOT NULL,
  `user_job` int NOT NULL,
  `user_purpose` varchar(20) NOT NULL,
  PRIMARY KEY (`USER_ID`),
  KEY `user_job` (`user_job`),
  CONSTRAINT `user_info_ibfk_1` FOREIGN KEY (`user_job`) REFERENCES `job_type_info` (`job_id`),
  CONSTRAINT `user_info_chk_1` CHECK ((`USER_GENDER` in (_utf8mb4'남',_utf8mb4'여')))
) ENGINE=InnoDB AUTO_INCREMENT=101 DEFAULT CHARSET=utf8mb4 COLLATE=utf8mb4_0900_ai_ci;
/*!40101 SET character_set_client = @saved_cs_client */;

--
-- Dumping data for table `user_info`
--

LOCK TABLES `user_info` WRITE;
/*!40000 ALTER TABLE `user_info` DISABLE KEYS */;
INSERT INTO `user_info` VALUES (1,25,'남',1,'통근'),(2,30,'여',2,'여행'),(3,22,'남',3,'가족용'),(4,40,'여',4,'통근'),(5,35,'남',5,'여행'),(6,28,'여',1,'가족용'),(7,33,'남',2,'통근'),(8,27,'여',3,'여행'),(9,29,'남',4,'가족용'),(10,24,'여',5,'통근'),(11,31,'남',1,'여행'),(12,37,'여',2,'가족용'),(13,41,'남',3,'통근'),(14,23,'여',4,'여행'),(15,32,'남',5,'가족용'),(16,26,'여',1,'통근'),(17,34,'남',2,'여행'),(18,38,'여',3,'가족용'),(19,30,'남',4,'통근'),(20,29,'여',5,'여행'),(21,33,'남',1,'가족용'),(22,25,'여',2,'통근'),(23,27,'남',3,'여행'),(24,36,'여',4,'가족용'),(25,32,'남',5,'통근'),(26,28,'여',1,'여행'),(27,24,'남',2,'가족용'),(28,35,'여',3,'통근'),(29,40,'남',4,'여행'),(30,31,'여',5,'가족용'),(31,33,'남',1,'통근'),(32,29,'여',2,'여행'),(33,27,'남',3,'가족용'),(34,32,'여',4,'통근'),(35,25,'남',5,'여행'),(36,30,'여',1,'가족용'),(37,23,'남',2,'통근'),(38,34,'여',3,'여행'),(39,38,'남',4,'가족용'),(40,40,'여',5,'통근'),(41,26,'남',1,'여행'),(42,32,'여',2,'가족용'),(43,29,'남',3,'통근'),(44,27,'여',4,'여행'),(45,28,'남',5,'가족용'),(46,34,'여',1,'통근'),(47,33,'남',2,'여행'),(48,30,'여',3,'가족용'),(49,31,'남',4,'통근'),(50,29,'여',5,'여행'),(51,26,'남',2,'여행'),(52,31,'여',4,'통근'),(53,23,'남',3,'가족용'),(54,39,'여',1,'여행'),(55,36,'남',5,'통근'),(56,29,'여',2,'가족용'),(57,34,'남',3,'여행'),(58,26,'여',4,'가족용'),(59,28,'남',1,'통근'),(60,25,'여',5,'여행'),(61,32,'남',2,'가족용'),(62,38,'여',3,'통근'),(63,42,'남',4,'가족용'),(64,24,'여',5,'여행'),(65,31,'남',1,'가족용'),(66,27,'여',2,'통근'),(67,29,'남',3,'여행'),(68,35,'여',4,'가족용'),(69,33,'남',5,'통근'),(70,30,'여',1,'여행'),(71,24,'남',2,'가족용'),(72,28,'여',3,'통근'),(73,37,'남',4,'여행'),(74,41,'여',5,'가족용'),(75,26,'남',1,'통근'),(76,32,'여',2,'여행'),(77,30,'남',3,'가족용'),(78,29,'여',4,'통근'),(79,34,'남',5,'여행'),(80,39,'여',1,'가족용'),(81,25,'남',2,'통근'),(82,27,'여',3,'여행'),(83,36,'남',4,'가족용'),(84,33,'여',5,'통근'),(85,31,'남',1,'여행'),(86,29,'여',2,'가족용'),(87,28,'남',3,'통근'),(88,32,'여',4,'여행'),(89,26,'남',5,'가족용'),(90,30,'여',1,'통근'),(91,23,'남',2,'여행'),(92,35,'여',3,'가족용'),(93,37,'남',4,'통근'),(94,40,'여',5,'여행'),(95,27,'남',1,'가족용'),(96,33,'여',2,'통근'),(97,31,'남',3,'여행'),(98,32,'여',4,'가족용'),(99,28,'남',5,'통근'),(100,29,'남',3,'여행');
/*!40000 ALTER TABLE `user_info` ENABLE KEYS */;
UNLOCK TABLES;
/*!40103 SET TIME_ZONE=@OLD_TIME_ZONE */;

/*!40101 SET SQL_MODE=@OLD_SQL_MODE */;
/*!40014 SET FOREIGN_KEY_CHECKS=@OLD_FOREIGN_KEY_CHECKS */;
/*!40014 SET UNIQUE_CHECKS=@OLD_UNIQUE_CHECKS */;
/*!40101 SET CHARACTER_SET_CLIENT=@OLD_CHARACTER_SET_CLIENT */;
/*!40101 SET CHARACTER_SET_RESULTS=@OLD_CHARACTER_SET_RESULTS */;
/*!40101 SET COLLATION_CONNECTION=@OLD_COLLATION_CONNECTION */;
/*!40111 SET SQL_NOTES=@OLD_SQL_NOTES */;

-- Dump completed on 2025-04-28 15:00:47
